"","X","Zip","Distributor"
"1",2,15001,"DuquesneLight"
"2",3,15003,"DuquesneLight"
"3",4,15004,NA
"4",5,15005,"DuquesneLight"
"5",6,15005,"PennPower"
"6",7,15006,"DuquesneLight"
"7",8,15007,"DuquesneLight"
"8",9,15009,"DuquesneLight"
"9",10,15009,"PennPower"
"10",11,15010,"DuquesneLight"
"11",12,15010,"PennPower"
"12",13,15012,"WestPennPower"
"13",14,15012,"DuquesneLight"
"14",15,15014,"WestPennPower"
"15",16,15015,"PennPower"
"16",17,15017,"WestPennPower"
"17",18,15017,"DuquesneLight"
"18",19,15018,"WestPennPower"
"19",20,15019,"WestPennPower"
"20",21,15020,"WestPennPower"
"21",22,15021,"WestPennPower"
"22",23,15021,"DuquesneLight"
"23",24,15022,"WestPennPower"
"24",25,15024,"WestPennPower"
"25",26,15024,"DuquesneLight"
"26",27,15025,"WestPennPower"
"27",28,15025,"DuquesneLight"
"28",29,15026,"WestPennPower"
"29",30,15026,"DuquesneLight"
"30",31,15027,"DuquesneLight"
"31",32,15028,"WestPennPower"
"32",33,15030,"WestPennPower"
"33",34,15031,"WestPennPower"
"34",35,15032,"WestPennPower"
"35",36,15032,"DuquesneLight"
"36",37,15033,"WestPennPower"
"37",38,15034,"DuquesneLight"
"38",39,15035,"DuquesneLight"
"39",40,15036,"WestPennPower"
"40",41,15037,"WestPennPower"
"41",42,15037,"DuquesneLight"
"42",43,15038,"WestPennPower"
"43",44,15042,"DuquesneLight"
"44",45,15043,"DuquesneLight"
"45",46,15044,"WestPennPower"
"46",47,15044,"DuquesneLight"
"47",48,15044,"PennPower"
"48",49,15045,"DuquesneLight"
"49",50,15046,"DuquesneLight"
"50",51,15047,"WestPennPower"
"51",52,15049,"WestPennPower"
"52",53,15049,"DuquesneLight"
"53",54,15050,"DuquesneLight"
"54",55,15051,"WestPennPower"
"55",56,15051,"DuquesneLight"
"56",57,15052,"DuquesneLight"
"57",58,15052,"PennPower"
"58",59,15053,"WestPennPower"
"59",60,15054,"WestPennPower"
"60",61,15055,"WestPennPower"
"61",62,15056,"DuquesneLight"
"62",63,15057,"WestPennPower"
"63",64,15059,"DuquesneLight"
"64",65,15060,"WestPennPower"
"65",66,15061,"DuquesneLight"
"66",67,15062,"WestPennPower"
"67",68,15063,"WestPennPower"
"68",69,15064,"WestPennPower"
"69",70,15064,"DuquesneLight"
"70",71,15065,"WestPennPower"
"71",72,15066,"DuquesneLight"
"72",73,15066,"PennPower"
"73",74,15067,"WestPennPower"
"74",75,15068,"WestPennPower"
"75",76,15068,"DuquesneLight"
"76",77,15069,"WestPennPower"
"77",78,15071,"WestPennPower"
"78",79,15071,"DuquesneLight"
"79",80,15072,"WestPennPower"
"80",81,15074,"DuquesneLight"
"81",82,15074,"PennPower"
"82",83,15075,"WestPennPower"
"83",84,15075,"DuquesneLight"
"84",85,15076,"WestPennPower"
"85",86,15076,"DuquesneLight"
"86",87,15077,"DuquesneLight"
"87",88,15078,"WestPennPower"
"88",89,15081,"DuquesneLight"
"89",90,15082,"WestPennPower"
"90",91,15083,"WestPennPower"
"91",92,15084,"WestPennPower"
"92",93,15084,"DuquesneLight"
"93",94,15085,"WestPennPower"
"94",95,15085,"DuquesneLight"
"95",96,15086,"PennPower"
"96",97,15087,"WestPennPower"
"97",98,15088,"WestPennPower"
"98",99,15089,"WestPennPower"
"99",100,15090,"DuquesneLight"
"100",101,15090,"PennPower"
"101",102,15091,"DuquesneLight"
"102",103,15095,NA
"103",104,15096,NA
"104",105,15101,"DuquesneLight"
"105",106,15101,"PennPower"
"106",107,15102,"WestPennPower"
"107",108,15102,"DuquesneLight"
"108",109,15104,"DuquesneLight"
"109",110,15106,"DuquesneLight"
"110",111,15108,"WestPennPower"
"111",112,15108,"DuquesneLight"
"112",113,15110,"DuquesneLight"
"113",114,15112,"DuquesneLight"
"114",115,15116,"DuquesneLight"
"115",116,15120,"DuquesneLight"
"116",117,15122,"DuquesneLight"
"117",118,15123,"DuquesneLight"
"118",119,15126,"WestPennPower"
"119",120,15126,"DuquesneLight"
"120",121,15127,"PennPower"
"121",122,15129,"WestPennPower"
"122",123,15130,"WestPennPower"
"123",124,15131,"WestPennPower"
"124",125,15131,"DuquesneLight"
"125",126,15132,"DuquesneLight"
"126",127,15133,"DuquesneLight"
"127",128,15134,"DuquesneLight"
"128",129,15135,"WestPennPower"
"129",130,15135,"DuquesneLight"
"130",131,15136,"DuquesneLight"
"131",132,15137,"WestPennPower"
"132",133,15137,"DuquesneLight"
"133",134,15139,"DuquesneLight"
"134",135,15140,"DuquesneLight"
"135",136,15142,"WestPennPower"
"136",137,15142,"DuquesneLight"
"137",138,15143,"DuquesneLight"
"138",139,15143,"PennPower"
"139",140,15144,"WestPennPower"
"140",141,15144,"DuquesneLight"
"141",142,15145,"DuquesneLight"
"142",143,15146,"WestPennPower"
"143",144,15146,"DuquesneLight"
"144",145,15147,"DuquesneLight"
"145",146,15148,"DuquesneLight"
"146",147,15189,NA
"147",148,15201,"DuquesneLight"
"148",149,15202,"DuquesneLight"
"149",150,15203,"DuquesneLight"
"150",151,15204,"DuquesneLight"
"151",152,15205,"WestPennPower"
"152",153,15205,"DuquesneLight"
"153",154,15206,"WestPennPower"
"154",155,15206,"DuquesneLight"
"155",156,15207,"DuquesneLight"
"156",157,15208,"DuquesneLight"
"157",158,15209,"DuquesneLight"
"158",159,15210,"DuquesneLight"
NA,NA,NA,NA
"159",160,15211,"DuquesneLight"
"160",161,15212,"DuquesneLight"
"161",162,15213,"DuquesneLight"
"162",163,15214,"DuquesneLight"
"163",164,15215,"WestPennPower"
"164",165,15215,"DuquesneLight"
"165",166,15216,"DuquesneLight"
"166",167,15217,"DuquesneLight"
"167",168,15218,"DuquesneLight"
"168",169,15219,"DuquesneLight"
"169",170,15220,"DuquesneLight"
"170",171,15221,"WestPennPower"
"171",172,15221,"DuquesneLight"
"172",173,15222,"DuquesneLight"
"173",174,15223,"DuquesneLight"
"174",175,15224,"DuquesneLight"
"175",176,15225,"DuquesneLight"
"176",177,15226,"DuquesneLight"
"177",178,15227,"DuquesneLight"
"178",179,15228,"WestPennPower"
"179",180,15228,"DuquesneLight"
"180",181,15229,"DuquesneLight"
"181",182,15230,"DuquesneLight"
"182",183,15231,"DuquesneLight"
"183",184,15232,"DuquesneLight"
"184",185,15233,"WestPennPower"
"185",186,15233,"DuquesneLight"
"186",187,15234,"DuquesneLight"
"187",188,15235,"WestPennPower"
"188",189,15235,"DuquesneLight"
"189",190,15236,"WestPennPower"
"190",191,15236,"DuquesneLight"
"191",192,15237,"DuquesneLight"
"192",193,15237,"PennPower"
"193",194,15238,"WestPennPower"
"194",195,15238,"DuquesneLight"
"195",196,15239,"WestPennPower"
"196",197,15239,"DuquesneLight"
"197",198,15240,NA
"198",199,15241,"WestPennPower"
"199",200,15241,"DuquesneLight"
"200",201,15242,NA
"201",202,15243,"WestPennPower"
"202",203,15243,"DuquesneLight"
"203",204,15244,"DuquesneLight"
"204",205,15250,NA
"205",206,15251,NA
"206",207,15252,NA
"207",208,15253,NA
"208",209,15254,NA
"209",210,15255,NA
"210",211,15257,NA
"211",212,15258,NA
"212",213,15259,NA
"213",214,15260,NA
"214",215,15261,"DuquesneLight"
"215",216,15262,NA
"216",217,15263,NA
"217",218,15264,NA
"218",219,15265,NA
"219",220,15266,NA
"220",221,15267,NA
"221",222,15268,NA
"222",223,15270,NA
"223",224,15272,"DuquesneLight"
"224",225,15274,NA
"225",226,15275,"WestPennPower"
"226",227,15275,"DuquesneLight"
"227",228,15276,NA
"228",229,15277,NA
"229",230,15278,NA
"230",231,15279,NA
"231",232,15281,NA
"232",233,15282,NA
"233",234,15283,NA
"234",235,15285,NA
"235",236,15286,NA
"236",237,15290,"DuquesneLight"
"237",238,15295,NA
"238",239,15301,"WestPennPower"
"239",240,15310,"WestPennPower"
"240",241,15311,"WestPennPower"
"241",242,15312,"WestPennPower"
"242",243,15313,"WestPennPower"
"243",244,15314,"WestPennPower"
"244",245,15315,"WestPennPower"
"245",246,15316,"WestPennPower"
"246",247,15317,"WestPennPower"
"247",248,15320,"WestPennPower"
"248",249,15321,"WestPennPower"
"249",250,15322,"WestPennPower"
"250",251,15323,"WestPennPower"
"251",252,15324,"WestPennPower"
"252",253,15325,"WestPennPower"
"253",254,15327,"WestPennPower"
"254",255,15329,"WestPennPower"
"255",256,15330,"WestPennPower"
"256",257,15331,"WestPennPower"
"257",258,15332,"WestPennPower"
"258",259,15333,"WestPennPower"
"259",260,15334,"WestPennPower"
"260",261,15336,"WestPennPower"
"261",262,15337,"WestPennPower"
"262",263,15338,"WestPennPower"
"263",264,15339,"WestPennPower"
"264",265,15340,"WestPennPower"
"265",266,15341,"WestPennPower"
"266",267,15342,"WestPennPower"
"267",268,15344,"WestPennPower"
"268",269,15345,"WestPennPower"
"269",270,15346,"WestPennPower"
"270",271,15347,"WestPennPower"
"271",272,15348,"WestPennPower"
"272",273,15349,"WestPennPower"
"273",274,15350,"WestPennPower"
"274",275,15351,"WestPennPower"
"275",276,15352,"WestPennPower"
"276",277,15353,"WestPennPower"
"277",278,15354,"WestPennPower"
"278",279,15357,"WestPennPower"
"279",280,15358,"WestPennPower"
"280",281,15359,"WestPennPower"
"281",282,15360,"WestPennPower"
"282",283,15361,"WestPennPower"
"283",284,15362,"WestPennPower"
"284",285,15363,"WestPennPower"
"285",286,15364,"WestPennPower"
"286",287,15365,"WestPennPower"
"287",288,15366,"WestPennPower"
"288",289,15367,"WestPennPower"
"289",290,15368,"WestPennPower"
"290",291,15370,"WestPennPower"
"291",292,15376,"WestPennPower"
"292",293,15377,"WestPennPower"
"293",294,15378,"WestPennPower"
"294",295,15379,"WestPennPower"
"295",296,15380,"WestPennPower"
"296",297,15401,"WestPennPower"
"297",298,15410,"WestPennPower"
"298",299,15411,"Penelec"
"299",300,15412,"WestPennPower"
"300",301,15413,"WestPennPower"
"301",302,15413,"DuquesneLight"
"302",303,15415,"WestPennPower"
"303",304,15416,"WestPennPower"
"304",305,15417,"WestPennPower"
"305",306,15419,"WestPennPower"
"306",307,15420,"WestPennPower"
"307",308,15421,"WestPennPower"
"308",309,15422,"WestPennPower"
"309",310,15423,"WestPennPower"
"310",311,15424,"WestPennPower"
"311",312,15424,"Penelec"
"312",313,15425,"WestPennPower"
"313",314,15427,"WestPennPower"
"314",315,15428,"WestPennPower"
"315",316,15429,"WestPennPower"
"316",317,15430,"WestPennPower"
"317",318,15431,"WestPennPower"
"318",319,15432,"WestPennPower"
"319",320,15433,"WestPennPower"
"320",321,15434,"WestPennPower"
"321",322,15435,"WestPennPower"
"322",323,15436,"WestPennPower"
"323",324,15437,"WestPennPower"
"324",325,15438,"WestPennPower"
"325",326,15439,"WestPennPower"
"326",327,15440,"WestPennPower"
"327",328,15442,"WestPennPower"
"328",329,15443,"WestPennPower"
"329",330,15444,"WestPennPower"
"330",331,15445,"WestPennPower"
"331",332,15446,"WestPennPower"
"332",333,15447,"WestPennPower"
"333",334,15448,"WestPennPower"
"334",335,15449,"WestPennPower"
"335",336,15450,"WestPennPower"
"336",337,15451,"WestPennPower"
"337",338,15454,"WestPennPower"
"338",339,15455,"WestPennPower"
"339",340,15456,"WestPennPower"
"340",341,15458,"WestPennPower"
"341",342,15459,"WestPennPower"
"342",343,15460,"WestPennPower"
"343",344,15461,"WestPennPower"
"344",345,15462,"WestPennPower"
"345",346,15463,"WestPennPower"
"346",347,15464,"WestPennPower"
"347",348,15465,"WestPennPower"
"348",349,15466,"WestPennPower"
"349",350,15467,"WestPennPower"
"350",351,15468,"WestPennPower"
"351",352,15469,"WestPennPower"
"352",353,15470,"WestPennPower"
"353",354,15472,"WestPennPower"
"354",355,15473,"WestPennPower"
"355",356,15474,"WestPennPower"
"356",357,15475,"WestPennPower"
"357",358,15476,"WestPennPower"
"358",359,15477,"WestPennPower"
"359",360,15478,"WestPennPower"
"360",361,15479,"WestPennPower"
"361",362,15480,"WestPennPower"
"362",363,15482,"WestPennPower"
"363",364,15483,"WestPennPower"
"364",365,15484,"WestPennPower"
"365",366,15485,"Penelec"
"366",367,15486,"WestPennPower"
"367",368,15488,"WestPennPower"
"368",369,15489,"WestPennPower"
"369",370,15490,"WestPennPower"
"370",371,15492,"WestPennPower"
"371",372,15501,"WestPennPower"
"372",373,15501,"Penelec"
"373",374,15502,"Penelec"
"374",375,15510,"Penelec"
"375",376,15520,"Penelec"
"376",377,15521,"Penelec"
"377",378,15522,"WestPennPower"
"378",379,15522,"Penelec"
"379",380,15530,"Penelec"
"380",381,15531,"WestPennPower"
"381",382,15531,"Penelec"
"382",383,15532,"Penelec"
"383",384,15533,"WestPennPower"
"384",385,15534,"WestPennPower"
"385",386,15535,"WestPennPower"
"386",387,15536,"WestPennPower"
"387",388,15537,"WestPennPower"
"388",389,15537,"Penelec"
"389",390,15538,"WestPennPower"
"390",391,15539,"Penelec"
"391",392,15540,"Penelec"
"392",393,15541,"Penelec"
"393",394,15542,"Penelec"
"394",395,15544,"Penelec"
"395",396,15545,"WestPennPower"
"396",397,15546,"Penelec"
"397",398,15547,"Penelec"
"398",399,15548,"Penelec"
"399",400,15549,"Penelec"
"400",401,15550,"Penelec"
"401",402,15551,"Penelec"
"402",403,15552,"WestPennPower"
"403",404,15552,"Penelec"
"404",405,15553,NA
"405",406,15554,"Penelec"
"406",407,15555,"Penelec"
"407",408,15557,"Penelec"
"408",409,15558,"Penelec"
"409",410,15559,"Penelec"
"410",411,15560,"Penelec"
"411",412,15561,"Penelec"
"412",413,15562,"Penelec"
"413",414,15563,"Penelec"
"414",415,15564,"WestPennPower"
"415",416,15565,"Penelec"
"416",417,15601,"WestPennPower"
"417",418,15601,"Penelec"
"418",419,15605,NA
"419",420,15606,NA
"420",421,15610,"WestPennPower"
"421",422,15611,"WestPennPower"
"422",423,15612,"WestPennPower"
"423",424,15613,"WestPennPower"
"424",425,15615,"WestPennPower"
"425",426,15616,"WestPennPower"
"426",427,15617,"WestPennPower"
"427",428,15618,"WestPennPower"
"428",429,15619,"WestPennPower"
"429",430,15620,"WestPennPower"
"430",431,15621,"WestPennPower"
"431",432,15622,"WestPennPower"
"432",433,15623,"WestPennPower"
"433",434,15624,"WestPennPower"
"434",435,15625,"WestPennPower"
"435",436,15626,"WestPennPower"
"436",437,15627,"WestPennPower"
"437",438,15628,"WestPennPower"
"438",439,15629,"WestPennPower"
"439",440,15630,NA
"440",441,15631,"WestPennPower"
"441",442,15632,"WestPennPower"
"442",443,15633,"WestPennPower"
"443",444,15634,"WestPennPower"
"444",445,15635,"WestPennPower"
"445",446,15636,"WestPennPower"
"446",447,15637,"WestPennPower"
"447",448,15638,"WestPennPower"
"448",449,15639,"WestPennPower"
"449",450,15640,"WestPennPower"
NA,NA,NA,NA
"450",451,15641,"WestPennPower"
"451",452,15642,"WestPennPower"
"452",453,15642,"DuquesneLight"
"453",454,15644,"WestPennPower"
"454",455,15646,"WestPennPower"
"455",456,15647,"WestPennPower"
"456",457,15650,"WestPennPower"
"457",458,15655,"WestPennPower"
"458",459,15656,"WestPennPower"
"459",460,15658,"WestPennPower"
"460",461,15660,"WestPennPower"
"461",462,15661,"WestPennPower"
"462",463,15662,"WestPennPower"
"463",464,15663,"WestPennPower"
"464",465,15664,"WestPennPower"
"465",466,15665,"WestPennPower"
"466",467,15666,"WestPennPower"
"467",468,15668,"WestPennPower"
"468",469,15668,"DuquesneLight"
"469",470,15670,"WestPennPower"
"470",471,15671,"WestPennPower"
"471",472,15672,"WestPennPower"
"472",473,15673,"WestPennPower"
"473",474,15674,"WestPennPower"
"474",475,15675,"WestPennPower"
"475",476,15676,"WestPennPower"
"476",477,15677,"WestPennPower"
"477",478,15678,"WestPennPower"
"478",479,15679,"WestPennPower"
"479",480,15680,"WestPennPower"
"480",481,15681,"WestPennPower"
"481",482,15681,"Penelec"
"482",483,15682,"WestPennPower"
"483",484,15683,"WestPennPower"
"484",485,15684,"WestPennPower"
"485",486,15685,"WestPennPower"
"486",487,15686,"WestPennPower"
"487",488,15687,"WestPennPower"
"488",489,15688,"WestPennPower"
"489",490,15689,"WestPennPower"
"490",491,15690,"WestPennPower"
"491",492,15691,"WestPennPower"
"492",493,15692,"WestPennPower"
"493",494,15693,"WestPennPower"
"494",495,15695,"WestPennPower"
"495",496,15696,"WestPennPower"
"496",497,15697,"WestPennPower"
"497",498,15698,"WestPennPower"
"498",499,15701,"Penelec"
"499",500,15705,NA
"500",501,15710,"Penelec"
"501",502,15711,"Penelec"
"502",503,15712,"Penelec"
"503",504,15713,"Penelec"
"504",505,15714,"Penelec"
"505",506,15715,"Penelec"
"506",507,15716,"Penelec"
"507",508,15717,"WestPennPower"
"508",509,15717,"Penelec"
"509",510,15720,"Penelec"
"510",511,15721,"Penelec"
"511",512,15722,"Penelec"
"512",513,15723,"Penelec"
"513",514,15724,"Penelec"
"514",515,15725,"Penelec"
"515",516,15727,"Penelec"
"516",517,15728,"Penelec"
"517",518,15729,"Penelec"
"518",519,15730,NA
"519",520,15731,"Penelec"
"520",521,15732,"WestPennPower"
"521",522,15732,"Penelec"
"522",523,15733,NA
"523",524,15734,"Penelec"
"524",525,15736,"WestPennPower"
"525",526,15737,"Penelec"
"526",527,15738,"Penelec"
"527",528,15739,"Penelec"
"528",529,15740,NA
"529",530,15741,"Penelec"
"530",531,15742,"Penelec"
"531",532,15744,"Penelec"
"532",533,15745,"Penelec"
"533",534,15746,"Penelec"
"534",535,15747,"Penelec"
"535",536,15748,"Penelec"
"536",537,15750,"Penelec"
"537",538,15751,NA
"538",539,15752,"Penelec"
"539",540,15753,"Penelec"
"540",541,15754,"Penelec"
"541",542,15756,"Penelec"
"542",543,15757,"Penelec"
"543",544,15758,"Penelec"
"544",545,15759,"Penelec"
"545",546,15760,"Penelec"
"546",547,15761,"Penelec"
"547",548,15762,"Penelec"
"548",549,15763,"Penelec"
"549",550,15764,"Penelec"
"550",551,15765,"Penelec"
"551",552,15767,"Penelec"
"552",553,15770,"Penelec"
"553",554,15771,"Penelec"
"554",555,15772,"Penelec"
"555",556,15773,"Penelec"
"556",557,15774,"WestPennPower"
"557",558,15774,"Penelec"
"558",559,15775,"Penelec"
"559",560,15776,"Penelec"
"560",561,15777,"Penelec"
"561",562,15778,"Penelec"
"562",563,15779,"Penelec"
"563",564,15780,"Penelec"
"564",565,15781,"Penelec"
"565",566,15783,NA
"566",567,15784,"Penelec"
"567",568,15801,"Penelec"
"568",569,15821,"WestPennPower"
"569",570,15822,"WestPennPower"
"570",571,15823,"WestPennPower"
"571",572,15823,"Penelec"
"572",573,15824,"Penelec"
"573",574,15825,"Penelec"
"574",575,15827,"WestPennPower"
"575",576,15828,"Penelec"
"576",577,15829,"WestPennPower"
"577",578,15829,"Penelec"
"578",579,15831,"WestPennPower"
"579",580,15832,"WestPennPower"
"580",581,15834,"WestPennPower"
"581",582,15840,"Penelec"
"582",583,15841,"WestPennPower"
"583",584,15845,"WestPennPower"
"584",585,15845,"Penelec"
"585",586,15846,"WestPennPower"
"586",587,15847,"Penelec"
"587",588,15848,"Penelec"
"588",589,15849,"Penelec"
"589",590,15851,"Penelec"
"590",591,15853,"WestPennPower"
"591",592,15856,"Penelec"
"592",593,15857,"WestPennPower"
"593",594,15860,"Penelec"
"594",595,15861,"WestPennPower"
"595",596,15863,"Penelec"
"596",597,15864,"WestPennPower"
"597",598,15864,"Penelec"
"598",599,15865,"Penelec"
"599",600,15866,"Penelec"
"600",601,15868,"WestPennPower"
"601",602,15870,"WestPennPower"
"602",603,15901,"Penelec"
"603",604,15902,"Penelec"
"604",605,15904,"Penelec"
"605",606,15905,"Penelec"
"606",607,15906,"Penelec"
"607",608,15907,NA
"608",609,15909,"Penelec"
"609",610,15915,NA
"610",611,15920,"Penelec"
"611",612,15921,"Penelec"
"612",613,15922,"Penelec"
"613",614,15923,"WestPennPower"
"614",615,15923,"Penelec"
"615",616,15924,"Penelec"
"616",617,15925,"Penelec"
"617",618,15926,"Penelec"
"618",619,15927,"Penelec"
"619",620,15928,"Penelec"
"620",621,15929,"Penelec"
"621",622,15930,"Penelec"
"622",623,15931,"Penelec"
"623",624,15934,"Penelec"
"624",625,15935,"Penelec"
"625",626,15936,"Penelec"
"626",627,15937,"Penelec"
"627",628,15938,"Penelec"
"628",629,15940,"Penelec"
"629",630,15942,"Penelec"
"630",631,15943,"Penelec"
"631",632,15944,"WestPennPower"
"632",633,15944,"Penelec"
"633",634,15945,"Penelec"
"634",635,15946,"Penelec"
"635",636,15948,"Penelec"
"636",637,15949,"Penelec"
"637",638,15951,"Penelec"
"638",639,15952,"Penelec"
"639",640,15953,"Penelec"
"640",641,15954,"Penelec"
"641",642,15955,"Penelec"
"642",643,15956,"Penelec"
"643",644,15957,NA
"644",645,15958,"Penelec"
"645",646,15959,"Penelec"
"646",647,15960,"Penelec"
"647",648,15961,"Penelec"
"648",649,15962,"Penelec"
"649",650,15963,"Penelec"
"650",651,16001,"WestPennPower"
"651",652,16001,"PECO"
"652",653,16001,"PennPower"
"653",654,16002,"WestPennPower"
"654",655,16002,"PennPower"
"655",656,16003,NA
"656",657,16016,NA
"657",658,16017,NA
"658",659,16018,NA
"659",660,16020,"WestPennPower"
"660",661,16021,NA
"661",662,16022,"WestPennPower"
"662",663,16023,"WestPennPower"
"663",664,16023,"PPLElectricUtilities"
"664",665,16024,"PennPower"
"665",666,16025,"WestPennPower"
"666",667,16027,"PennPower"
"667",668,16028,"WestPennPower"
"668",669,16029,"WestPennPower"
"669",670,16030,"WestPennPower"
"670",671,16033,"PennPower"
"671",672,16034,"WestPennPower"
"672",673,16035,"WestPennPower"
"673",674,16036,"Penelec"
"674",675,16037,"WestPennPower"
"675",676,16037,"PennPower"
"676",677,16038,"WestPennPower"
"677",678,16038,"PennPower"
"678",679,16038,"Penelec"
"679",680,16039,"WestPennPower"
"680",681,16040,"WestPennPower"
"681",682,16041,"WestPennPower"
"682",683,16045,"WestPennPower"
"683",684,16046,"WestPennPower"
"684",685,16046,"PennPower"
"685",686,16048,"WestPennPower"
"686",687,16049,"WestPennPower"
"687",688,16049,"Penelec"
"688",689,16050,"WestPennPower"
"689",690,16051,"WestPennPower"
"690",691,16051,"PennPower"
"691",692,16052,"WestPennPower"
"692",693,16052,"PennPower"
"693",694,16053,"WestPennPower"
"694",695,16053,"PennPower"
"695",696,16054,"Penelec"
"696",697,16055,"WestPennPower"
"697",698,16056,"WestPennPower"
"698",699,16057,"WestPennPower"
"699",700,16057,"PennPower"
"700",701,16058,"Penelec"
"701",702,16059,"WestPennPower"
"702",703,16059,"DuquesneLight"
"703",704,16059,"PennPower"
"704",705,16061,"WestPennPower"
"705",706,16063,"DuquesneLight"
"706",707,16063,"PennPower"
"707",708,16066,"PennPower"
"708",709,16101,"PennPower"
"709",710,16102,"PennPower"
"710",711,16103,"PennPower"
"711",712,16105,"PennPower"
"712",713,16107,NA
"713",714,16108,NA
"714",715,16110,"PennPower"
"715",716,16111,"PennPower"
"716",717,16112,"PennPower"
"717",718,16113,"PennPower"
"718",719,16114,"PennPower"
"719",720,16115,"DuquesneLight"
"720",721,16115,"PennPower"
"721",722,16116,"PennPower"
"722",723,16117,"PennPower"
"723",724,16120,"PennPower"
"724",725,16121,"PennPower"
"725",726,16123,"PennPower"
"726",727,16124,"PennPower"
"727",728,16125,"PennPower"
"728",729,16127,"WestPennPower"
"729",730,16127,"PennPower"
"730",731,16130,"PennPower"
"731",732,16131,"PennPower"
"732",733,16132,"PennPower"
"733",734,16133,"PennPower"
"734",735,16134,"PennPower"
"735",736,16136,"PennPower"
"736",737,16137,"PennPower"
"737",738,16140,"PennPower"
"738",739,16141,"PennPower"
"739",740,16142,"PennPower"
"740",741,16143,"PennPower"
"741",742,16145,"PennPower"
"742",743,16146,"PennPower"
"743",744,16148,"PennPower"
"744",745,16150,"PennPower"
"745",746,16151,"PennPower"
"746",747,16153,"PennPower"
"747",748,16154,"PennPower"
"748",749,16155,"PennPower"
"749",750,16156,"PennPower"
"750",751,16157,"PennPower"
"751",752,16159,"PennPower"
"752",753,16160,"PennPower"
"753",754,16161,"PennPower"
"754",755,16172,NA
"755",756,16201,"WestPennPower"
"756",757,16210,"WestPennPower"
"757",758,16211,"Penelec"
"758",759,16212,"WestPennPower"
"759",760,16213,"Penelec"
"760",761,16214,"WestPennPower"
"761",762,16214,"Penelec"
"762",763,16215,NA
"763",764,16216,"WestPennPower"
"764",765,16217,"Penelec"
"765",766,16218,"WestPennPower"
"766",767,16220,"Penelec"
"767",768,16221,"WestPennPower"
"768",769,16222,"WestPennPower"
"769",770,16222,"Penelec"
"770",771,16223,"WestPennPower"
"771",772,16224,"WestPennPower"
"772",773,16225,NA
"773",774,16226,"WestPennPower"
"774",775,16228,"WestPennPower"
"775",776,16229,"WestPennPower"
"776",777,16230,"WestPennPower"
"777",778,16232,"Penelec"
"778",779,16233,"Penelec"
"779",780,16234,"WestPennPower"
"780",781,16235,"Penelec"
"781",782,16236,"WestPennPower"
"782",783,16238,"WestPennPower"
"783",784,16239,"Penelec"
"784",785,16240,"WestPennPower"
"785",786,16240,"Penelec"
"786",787,16242,"WestPennPower"
"787",788,16244,"WestPennPower"
"788",789,16245,"WestPennPower"
"789",790,16246,"Penelec"
"790",791,16248,"WestPennPower"
"791",792,16249,"WestPennPower"
"792",793,16250,"WestPennPower"
"793",794,16250,"Penelec"
"794",795,16253,"WestPennPower"
"795",796,16254,"Penelec"
"796",797,16255,"WestPennPower"
"797",798,16255,"Penelec"
"798",799,16256,"Penelec"
"799",800,16257,"Penelec"
"800",801,16258,"WestPennPower"
"801",802,16259,"WestPennPower"
"802",803,16260,"Penelec"
"803",804,16261,"WestPennPower"
"804",805,16262,"WestPennPower"
"805",806,16263,"WestPennPower"
"806",807,16301,"Penelec"
"807",808,16311,"PennPower"
"808",809,16311,"Penelec"
"809",810,16312,"Penelec"
"810",811,16313,"Penelec"
"811",812,16314,"PennPower"
"812",813,16314,"Penelec"
"813",814,16316,"PennPower"
"814",815,16316,"Penelec"
"815",816,16317,"Penelec"
"816",817,16319,"Penelec"
"817",818,16321,"Penelec"
"818",819,16322,"Penelec"
"819",820,16323,"Penelec"
"820",821,16326,"Penelec"
"821",822,16327,"Penelec"
"822",823,16328,"Penelec"
"823",824,16329,"Penelec"
"824",825,16331,"Penelec"
"825",826,16332,"Penelec"
"826",827,16333,"Penelec"
"827",828,16334,"Penelec"
"828",829,16335,"Penelec"
"829",830,16340,"Penelec"
"830",831,16341,"Penelec"
"831",832,16341,"PPLElectricUtilities"
"832",833,16342,"PennPower"
"833",834,16342,"Penelec"
"834",835,16343,"Penelec"
"835",836,16344,"Penelec"
"836",837,16345,"Penelec"
"837",838,16346,"Penelec"
"838",839,16347,"Penelec"
"839",840,16350,"Penelec"
"840",841,16351,"Penelec"
"841",842,16352,"Penelec"
"842",843,16353,"Penelec"
"843",844,16354,"Penelec"
"844",845,16360,"Penelec"
"845",846,16361,"Penelec"
"846",847,16362,"PennPower"
"847",848,16362,"Penelec"
"848",849,16364,"Penelec"
"849",850,16365,"Penelec"
"850",851,16366,NA
"851",852,16367,NA
"852",853,16368,NA
"853",854,16369,NA
"854",855,16370,"Penelec"
"855",856,16371,"Penelec"
"856",857,16372,"Penelec"
"857",858,16373,"WestPennPower"
"858",859,16373,"Penelec"
"859",860,16374,"Penelec"
"860",861,16375,"Penelec"
"861",862,16388,NA
"862",863,16401,"Penelec"
"863",864,16402,"Penelec"
"864",865,16403,"Penelec"
"865",866,16404,"WestPennPower"
"866",867,16404,"Penelec"
"867",868,16405,"Penelec"
"868",869,16406,"Penelec"
"869",870,16407,"Penelec"
"870",871,16410,"Penelec"
"871",872,16411,"Penelec"
"872",873,16412,"Penelec"
"873",874,16413,"Penelec"
"874",875,16415,"Penelec"
"875",876,16416,"Penelec"
"876",877,16417,"Penelec"
"877",878,16420,"Penelec"
"878",879,16421,"Penelec"
"879",880,16422,"Penelec"
"880",881,16423,"Penelec"
"881",882,16424,"PennPower"
"882",883,16424,"Penelec"
"883",884,16426,"Penelec"
"884",885,16427,"Penelec"
"885",886,16428,"Penelec"
"886",887,16430,"Penelec"
"887",888,16432,"Penelec"
"888",889,16433,"Penelec"
"889",890,16434,"Penelec"
"890",891,16435,"Penelec"
"891",892,16436,"Penelec"
"892",893,16438,"Penelec"
"893",894,16440,"Penelec"
"894",895,16441,"Penelec"
"895",896,16442,"Penelec"
"896",897,16443,"Penelec"
"897",898,16444,NA
"898",899,16475,NA
"899",900,16501,"Penelec"
"900",901,16502,"Penelec"
"901",902,16503,"Penelec"
"902",903,16504,"Penelec"
"903",904,16505,"Penelec"
"904",905,16506,"Penelec"
"905",906,16507,"Penelec"
"906",907,16508,"Penelec"
"907",908,16509,"Penelec"
"908",909,16510,"Penelec"
"909",910,16511,"Penelec"
"910",911,16512,NA
"911",912,16514,NA
"912",913,16515,NA
"913",914,16522,NA
"914",915,16530,NA
"915",916,16531,NA
"916",917,16532,NA
"917",918,16533,NA
"918",919,16534,NA
"919",920,16538,NA
"920",921,16541,NA
"921",922,16544,NA
"922",923,16546,NA
"923",924,16550,"Penelec"
"924",925,16553,NA
"925",926,16554,NA
"926",927,16558,NA
"927",928,16563,NA
"928",929,16565,"Penelec"
"929",930,16601,"Penelec"
"930",931,16602,"Penelec"
"931",932,16603,"Penelec"
"932",933,16611,"Penelec"
"933",934,16613,"Penelec"
"934",935,16614,NA
"935",936,16616,"Penelec"
"936",937,16617,"Penelec"
"937",938,16619,"Penelec"
"938",939,16620,"Penelec"
"939",940,16621,"Penelec"
"940",941,16622,NA
"941",942,16623,NA
"942",943,16624,"Penelec"
"943",944,16625,"Penelec"
"944",945,16627,"Penelec"
"945",946,16629,"Penelec"
"946",947,16630,"Penelec"
"947",948,16631,"Penelec"
"948",949,16633,"Penelec"
"949",950,16634,"Penelec"
"950",951,16635,"Penelec"
"951",952,16636,"Penelec"
"952",953,16637,"Penelec"
"953",954,16638,NA
"954",955,16639,"Penelec"
"955",956,16640,"Penelec"
"956",957,16641,"Penelec"
"957",958,16644,"Penelec"
"958",959,16645,"Penelec"
"959",960,16646,"Penelec"
"960",961,16647,"Penelec"
"961",962,16648,"Penelec"
"962",963,16650,"Penelec"
"963",964,16651,"Penelec"
"964",965,16652,"PECO"
"965",966,16652,"Penelec"
"966",967,16654,NA
"967",968,16655,"Penelec"
"968",969,16656,"Penelec"
"969",970,16657,"Penelec"
"970",971,16659,"Penelec"
"971",972,16660,"Penelec"
"972",973,16661,"Penelec"
"973",974,16662,"Penelec"
"974",975,16663,"Penelec"
"975",976,16664,"Penelec"
"976",977,16665,"Penelec"
"977",978,16666,"Penelec"
"978",979,16667,"Penelec"
"979",980,16668,"Penelec"
"980",981,16669,"Penelec"
"981",982,16670,"Penelec"
"982",983,16671,"Penelec"
"983",984,16672,"Penelec"
"984",985,16673,"Penelec"
"985",986,16674,"Penelec"
"986",987,16675,"Penelec"
"987",988,16677,"Penelec"
"988",989,16678,"Penelec"
"989",990,16679,"Penelec"
"990",991,16680,"Penelec"
"991",992,16681,"Penelec"
"992",993,16682,"Penelec"
"993",994,16683,"Penelec"
"994",995,16684,"Penelec"
"995",996,16685,NA
"996",997,16686,"WestPennPower"
"997",998,16686,"Penelec"
"998",999,16689,"WestPennPower"
"999",1000,16691,NA
"1000",1001,16692,"Penelec"
"1001",1002,16693,"Penelec"
"1002",1003,16694,"Penelec"
"1003",1004,16695,"Penelec"
"1004",1005,16698,NA
"1005",1006,16699,NA
"1006",1007,16701,"Penelec"
"1007",1008,16720,"WestPennPower"
"1008",1009,16724,"WestPennPower"
"1009",1010,16725,"Penelec"
"1010",1011,16726,"Penelec"
"1011",1012,16727,"Penelec"
"1012",1013,16728,"WestPennPower"
"1013",1014,16729,"Penelec"
"1014",1015,16730,NA
"1015",1016,16731,"Penelec"
"1016",1017,16732,"Penelec"
"1017",1018,16733,"WestPennPower"
"1018",1019,16734,"WestPennPower"
"1019",1020,16735,"WestPennPower"
"1020",1021,16735,"Penelec"
"1021",1022,16738,"Penelec"
"1022",1023,16740,"WestPennPower"
"1023",1024,16740,"Penelec"
"1024",1025,16743,"WestPennPower"
"1025",1026,16743,"Penelec"
"1026",1027,16744,"Penelec"
"1027",1028,16745,"Penelec"
"1028",1029,16746,"WestPennPower"
"1029",1030,16748,"Penelec"
"1030",1031,16749,"WestPennPower"
"1031",1032,16749,"Penelec"
"1032",1033,16750,"Penelec"
"1033",1034,16751,"Penelec"
"1034",1035,16801,"WestPennPower"
"1035",1036,16802,"WestPennPower"
"1036",1037,16803,"WestPennPower"
"1037",1038,16804,"WestPennPower"
"1038",1039,16805,NA
"1039",1040,16820,"WestPennPower"
"1040",1041,16821,"Penelec"
"1041",1042,16822,"WestPennPower"
"1042",1043,16822,"PPLElectricUtilities"
"1043",1044,16823,"WestPennPower"
"1044",1045,16823,"PPLElectricUtilities"
"1045",1046,16825,"Penelec"
"1046",1047,16826,"WestPennPower"
"1047",1048,16827,"WestPennPower"
"1048",1049,16828,"WestPennPower"
"1049",1050,16829,"Penelec"
"1050",1051,16830,"Penelec"
"1051",1052,16832,"WestPennPower"
"1052",1053,16833,"Penelec"
"1053",1054,16834,"Penelec"
"1054",1055,16835,"WestPennPower"
"1055",1056,16836,"Penelec"
"1056",1057,16837,"Penelec"
"1057",1058,16838,"Penelec"
"1058",1059,16839,"Penelec"
"1059",1060,16840,"Penelec"
"1060",1061,16841,"WestPennPower"
"1061",1062,16843,"Penelec"
"1062",1063,16844,"WestPennPower"
"1063",1064,16845,"Penelec"
"1064",1065,16847,"Penelec"
"1065",1066,16848,"WestPennPower"
"1066",1067,16849,"Penelec"
"1067",1068,16850,"Penelec"
"1068",1069,16851,"WestPennPower"
"1069",1070,16852,"WestPennPower"
"1070",1071,16853,"WestPennPower"
"1071",1072,16854,"WestPennPower"
"1072",1073,16855,"Penelec"
"1073",1074,16856,"WestPennPower"
"1074",1075,16858,"Penelec"
"1075",1076,16859,"Penelec"
"1076",1077,16860,"Penelec"
"1077",1078,16861,"Penelec"
"1078",1079,16863,"Penelec"
"1079",1080,16864,"WestPennPower"
"1080",1081,16865,"WestPennPower"
"1081",1082,16865,"Penelec"
"1082",1083,16866,"Penelec"
"1083",1084,16868,"WestPennPower"
"1084",1085,16870,"WestPennPower"
"1085",1086,16871,NA
"1086",1087,16872,"WestPennPower"
"1087",1088,16873,"Penelec"
"1088",1089,16874,"WestPennPower"
"1089",1090,16874,"Penelec"
"1090",1091,16875,"WestPennPower"
"1091",1092,16876,"Penelec"
"1092",1093,16877,"WestPennPower"
"1093",1094,16877,"Penelec"
"1094",1095,16878,"Penelec"
"1095",1096,16879,"Penelec"
"1096",1097,16881,"Penelec"
"1097",1098,16882,"WestPennPower"
"1098",1099,16901,"Penelec"
"1099",1100,16901,"WellsboroElectric"
"1100",1101,16910,"Penelec"
"1101",1102,16911,"Penelec"
"1102",1103,16912,"Penelec"
"1103",1104,16914,"Penelec"
"1104",1105,16915,"WestPennPower"
"1105",1106,16917,"Penelec"
"1106",1107,16918,"Penelec"
"1107",1108,16920,"Penelec"
"1108",1109,16921,"Penelec"
"1109",1110,16922,"Penelec"
"1110",1111,16923,"Penelec"
"1111",1112,16925,"Penelec"
"1112",1113,16926,"Penelec"
"1113",1114,16927,"Penelec"
"1114",1115,16928,"Penelec"
"1115",1116,16929,"Penelec"
"1116",1117,16930,"Penelec"
"1117",1118,16932,"Penelec"
"1118",1119,16933,"Penelec"
"1119",1120,16933,"WellsboroElectric"
"1120",1121,16935,"WellsboroElectric"
"1121",1122,16936,"Penelec"
"1122",1123,16937,"Penelec"
"1123",1124,16938,"Penelec"
"1124",1125,16939,"Penelec"
"1125",1126,16940,"Penelec"
"1126",1127,16941,NA
"1127",1128,16942,"Penelec"
"1128",1129,16943,"Penelec"
"1129",1130,16945,"Penelec"
"1130",1131,16946,"Penelec"
"1131",1132,16946,"WellsboroElectric"
"1132",1133,16947,"Penelec"
"1133",1134,16948,"Penelec"
"1134",1135,16950,"Penelec"
"1135",1136,17001,"PPLElectricUtilities"
"1136",1137,17002,"Penelec"
"1137",1138,17003,"Met-Ed"
"1138",1139,17003,"PPLElectricUtilities"
"1139",1140,17004,"Penelec"
"1140",1141,17005,"PPLElectricUtilities"
"1141",1142,17006,"Penelec"
"1142",1143,17007,"Met-Ed"
"1143",1144,17008,"PPLElectricUtilities"
"1144",1145,17009,"Penelec"
"1145",1146,17010,"Met-Ed"
"1146",1147,17011,"PPLElectricUtilities"
"1147",1148,17012,NA
"1148",1149,17013,NA
"1149",1150,17014,"PPLElectricUtilities"
"1150",1151,17016,"Met-Ed"
"1151",1152,17017,"PPLElectricUtilities"
"1152",1153,17018,"PPLElectricUtilities"
"1153",1154,17019,"Met-Ed"
"1154",1155,17019,"PPLElectricUtilities"
"1155",1156,17020,"PPLElectricUtilities"
"1156",1157,17021,"Penelec"
"1157",1158,17022,"Met-Ed"
"1158",1159,17022,"PPLElectricUtilities"
"1159",1160,17023,"PPLElectricUtilities"
"1160",1161,17024,"PPLElectricUtilities"
"1161",1162,17025,"PPLElectricUtilities"
"1162",1163,17026,"Met-Ed"
"1163",1164,17027,"PPLElectricUtilities"
"1164",1165,17028,"Met-Ed"
"1165",1166,17028,"PPLElectricUtilities"
"1166",1167,17029,"Penelec"
"1167",1168,17030,"PPLElectricUtilities"
"1168",1169,17031,"PPLElectricUtilities"
"1169",1170,17032,"PPLElectricUtilities"
"1170",1171,17033,"Met-Ed"
"1171",1172,17033,"PPLElectricUtilities"
"1172",1173,17034,"PPLElectricUtilities"
"1173",1174,17035,"Penelec"
"1174",1175,17035,"PPLElectricUtilities"
"1175",1176,17036,"Met-Ed"
"1176",1177,17036,"PPLElectricUtilities"
"1177",1178,17037,"PPLElectricUtilities"
"1178",1179,17038,"Met-Ed"
"1179",1180,17038,"PPLElectricUtilities"
"1180",1181,17039,"PPLElectricUtilities"
"1181",1182,17040,"PPLElectricUtilities"
"1182",1183,17041,"Met-Ed"
"1183",1184,17042,"Met-Ed"
"1184",1185,17042,"PPLElectricUtilities"
"1185",1186,17043,"PPLElectricUtilities"
"1186",1187,17044,"Penelec"
"1187",1188,17044,"PPLElectricUtilities"
"1188",1189,17045,"PPLElectricUtilities"
"1189",1190,17046,"Met-Ed"
"1190",1191,17047,"Penelec"
"1191",1192,17047,"PPLElectricUtilities"
"1192",1193,17048,"PPLElectricUtilities"
"1193",1194,17049,"PPLElectricUtilities"
"1194",1195,17050,"PPLElectricUtilities"
"1195",1196,17051,"Penelec"
"1196",1197,17052,"Penelec"
"1197",1198,17053,"PPLElectricUtilities"
"1198",1199,17054,"Penelec"
"1199",1200,17055,"Met-Ed"
"1200",1201,17055,"PPLElectricUtilities"
"1201",1202,17056,"PPLElectricUtilities"
"1202",1203,17057,"Met-Ed"
"1203",1204,17057,"PECO"
"1204",1205,17057,"PPLElectricUtilities"
"1205",1206,17058,"Penelec"
"1206",1207,17058,"PPLElectricUtilities"
"1207",1208,17059,"PPLElectricUtilities"
"1208",1209,17060,"Penelec"
"1209",1210,17061,"PPLElectricUtilities"
"1210",1211,17062,"PPLElectricUtilities"
"1211",1212,17063,"Penelec"
"1212",1213,17063,"PPLElectricUtilities"
"1213",1214,17064,"Met-Ed"
"1214",1215,17065,"Met-Ed"
"1215",1216,17065,"PPLElectricUtilities"
"1216",1217,17066,"Penelec"
"1217",1218,17067,"Met-Ed"
"1218",1219,17067,"PPLElectricUtilities"
"1219",1220,17068,"PPLElectricUtilities"
"1220",1221,17069,"PPLElectricUtilities"
"1221",1222,17070,"Met-Ed"
"1222",1223,17070,"PPLElectricUtilities"
"1223",1224,17071,"Penelec"
"1224",1225,17072,"PPLElectricUtilities"
"1225",1226,17073,"Met-Ed"
"1226",1227,17073,"PPLElectricUtilities"
"1227",1228,17074,"PPLElectricUtilities"
"1228",1229,17075,"Penelec"
"1229",1230,17076,"PPLElectricUtilities"
"1230",1231,17077,"Met-Ed"
"1231",1232,17078,"Met-Ed"
"1232",1233,17078,"PPLElectricUtilities"
"1233",1234,17080,"PPLElectricUtilities"
"1234",1235,17081,"PPLElectricUtilities"
"1235",1236,17082,"Penelec"
"1236",1237,17082,"PPLElectricUtilities"
"1237",1238,17083,"Met-Ed"
"1238",1239,17084,"Penelec"
"1239",1240,17085,"Met-Ed"
"1240",1241,17086,"PPLElectricUtilities"
"1241",1242,17087,"Met-Ed"
"1242",1243,17087,"PPLElectricUtilities"
"1243",1244,17088,"PPLElectricUtilities"
"1244",1245,17089,NA
"1245",1246,17090,"PPLElectricUtilities"
"1246",1247,17091,NA
"1247",1248,17093,"PPLElectricUtilities"
"1248",1249,17094,"PPLElectricUtilities"
"1249",1250,17097,"PPLElectricUtilities"
"1250",1251,17098,"PPLElectricUtilities"
"1251",1252,17099,"Penelec"
"1252",1253,17101,"PECO"
"1253",1254,17101,"PPLElectricUtilities"
"1254",1255,17102,"PPLElectricUtilities"
"1255",1256,17103,"PPLElectricUtilities"
"1256",1257,17104,"PPLElectricUtilities"
"1257",1258,17105,"PPLElectricUtilities"
"1258",1259,17106,"PPLElectricUtilities"
"1259",1260,17107,NA
"1260",1261,17108,"PPLElectricUtilities"
"1261",1262,17109,"Met-Ed"
"1262",1263,17109,"PPLElectricUtilities"
"1263",1264,17110,"PPLElectricUtilities"
"1264",1265,17111,"PPLElectricUtilities"
"1265",1266,17112,"Met-Ed"
"1266",1267,17112,"PPLElectricUtilities"
"1267",1268,17113,"PPLElectricUtilities"
"1268",1269,17120,"PPLElectricUtilities"
"1269",1270,17121,NA
"1270",1271,17122,NA
"1271",1272,17123,NA
"1272",1273,17124,"PPLElectricUtilities"
"1273",1274,17125,"PPLElectricUtilities"
"1274",1275,17126,NA
"1275",1276,17127,NA
"1276",1277,17128,NA
"1277",1278,17129,NA
"1278",1279,17130,NA
"1279",1280,17140,NA
"1280",1281,17177,NA
"1281",1282,17201,"WestPennPower"
"1282",1283,17210,"Penelec"
"1283",1284,17211,"WestPennPower"
"1284",1285,17212,"WestPennPower"
"1285",1286,17213,"Penelec"
"1286",1287,17214,"WestPennPower"
"1287",1288,17215,"WestPennPower"
"1288",1289,17217,"Penelec"
"1289",1290,17219,"Penelec"
"1290",1291,17220,"Penelec"
"1291",1292,17221,"Penelec"
"1292",1293,17221,"PPLElectricUtilities"
"1293",1294,17222,"WestPennPower"
"1294",1295,17223,"WestPennPower"
"1295",1296,17224,"WestPennPower"
"1296",1297,17224,"Penelec"
"1297",1298,17225,"WestPennPower"
"1298",1299,17228,"WestPennPower"
"1299",1300,17229,"WestPennPower"
"1300",1301,17231,"WestPennPower"
"1301",1302,17232,"Penelec"
"1302",1303,17233,"WestPennPower"
"1303",1304,17235,"WestPennPower"
"1304",1305,17236,"WestPennPower"
"1305",1306,17237,"WestPennPower"
"1306",1307,17238,"WestPennPower"
"1307",1308,17239,NA
"1308",1309,17240,"Penelec"
"1309",1310,17241,"Met-Ed"
"1310",1311,17241,"Penelec"
"1311",1312,17241,"PPLElectricUtilities"
"1312",1313,17243,"Penelec"
"1313",1314,17244,"Penelec"
"1314",1315,17246,"Penelec"
"1315",1316,17247,"WestPennPower"
"1316",1317,17249,"Penelec"
"1317",1318,17250,"WestPennPower"
"1318",1319,17251,"Penelec"
"1319",1320,17252,"WestPennPower"
"1320",1321,17253,"Penelec"
"1321",1322,17254,"WestPennPower"
"1322",1323,17255,"Penelec"
"1323",1324,17256,"WestPennPower"
"1324",1325,17257,"WestPennPower"
"1325",1326,17257,"Penelec"
"1326",1327,17257,"PPLElectricUtilities"
"1327",1328,17260,"Penelec"
"1328",1329,17261,"WestPennPower"
"1329",1330,17262,"Penelec"
"1330",1331,17263,"WestPennPower"
"1331",1332,17264,"Penelec"
"1332",1333,17265,"Penelec"
"1333",1334,17266,"PPLElectricUtilities"
"1334",1335,17267,"WestPennPower"
"1335",1336,17268,"WestPennPower"
"1336",1337,17270,"WestPennPower"
"1337",1338,17271,"Penelec"
"1338",1339,17272,"WestPennPower"
"1339",1340,17301,"Met-Ed"
"1340",1341,17302,"Met-Ed"
"1341",1342,17302,"PECO"
"1342",1343,17303,"Met-Ed"
"1343",1344,17304,"Met-Ed"
"1344",1345,17306,"Met-Ed"
"1345",1346,17307,"Met-Ed"
"1346",1347,17309,"Met-Ed"
"1347",1348,17309,"PECO"
"1348",1349,17310,"Met-Ed"
"1349",1350,17311,"Met-Ed"
"1350",1351,17312,"PPLElectricUtilities"
"1351",1352,17313,"Met-Ed"
"1352",1353,17313,"PPLElectricUtilities"
"1353",1354,17314,"PECO"
"1354",1355,17315,"Met-Ed"
"1355",1356,17316,"Met-Ed"
"1356",1357,17317,"PPLElectricUtilities"
"1357",1358,17318,"Met-Ed"
"1358",1359,17319,"Met-Ed"
"1359",1360,17319,"PPLElectricUtilities"
"1360",1361,17320,"WestPennPower"
"1361",1362,17320,"Met-Ed"
"1362",1363,17321,"Met-Ed"
"1363",1364,17321,"PECO"
"1364",1365,17322,"Met-Ed"
"1365",1366,17323,"Met-Ed"
"1366",1367,17324,"Met-Ed"
"1367",1368,17325,"Met-Ed"
"1368",1369,17326,NA
"1369",1370,17327,"Met-Ed"
"1370",1371,17329,"Met-Ed"
"1371",1372,17331,"Met-Ed"
"1372",1373,17331,"PPLElectricUtilities"
"1373",1374,17332,NA
"1374",1375,17333,NA
"1375",1376,17334,NA
"1376",1377,17337,"Met-Ed"
"1377",1378,17339,"Met-Ed"
"1378",1379,17339,"PPLElectricUtilities"
"1379",1380,17340,"Met-Ed"
"1380",1381,17342,"Met-Ed"
"1381",1382,17343,"Met-Ed"
"1382",1383,17344,"Met-Ed"
"1383",1384,17345,"Met-Ed"
"1384",1385,17347,"Met-Ed"
"1385",1386,17349,"Met-Ed"
"1386",1387,17350,"Met-Ed"
"1387",1388,17352,"Met-Ed"
"1388",1389,17353,"WestPennPower"
"1389",1390,17353,"Met-Ed"
"1390",1391,17354,"Met-Ed"
"1391",1392,17355,"Met-Ed"
"1392",1393,17356,"Met-Ed"
"1393",1394,17358,"Met-Ed"
"1394",1395,17360,"Met-Ed"
"1395",1396,17361,"Met-Ed"
"1396",1397,17362,"Met-Ed"
"1397",1398,17363,"Met-Ed"
"1398",1399,17364,"Met-Ed"
"1399",1400,17365,"Met-Ed"
"1400",1401,17366,"Met-Ed"
"1401",1402,17366,"PPLElectricUtilities"
"1402",1403,17368,"Met-Ed"
"1403",1404,17368,"PPLElectricUtilities"
"1404",1405,17370,"Met-Ed"
"1405",1406,17370,"PPLElectricUtilities"
"1406",1407,17371,"Met-Ed"
"1407",1408,17372,"Met-Ed"
"1408",1409,17375,NA
"1409",1410,17401,"Met-Ed"
"1410",1411,17402,"Met-Ed"
"1411",1412,17403,"Met-Ed"
"1412",1413,17403,"PPLElectricUtilities"
"1413",1414,17404,"Met-Ed"
"1414",1415,17404,"PECO"
"1415",1416,17404,"PPLElectricUtilities"
"1416",1417,17405,"Met-Ed"
"1417",1418,17406,"Met-Ed"
"1418",1419,17407,"Met-Ed"
"1419",1420,17415,NA
"1420",1421,17501,"PPLElectricUtilities"
"1421",1422,17502,"Met-Ed"
"1422",1423,17502,"PPLElectricUtilities"
"1423",1424,17503,"PPLElectricUtilities"
"1424",1425,17504,"PPLElectricUtilities"
"1425",1426,17505,"PPLElectricUtilities"
"1426",1427,17506,"PPLElectricUtilities"
"1427",1428,17507,"PPLElectricUtilities"
"1428",1429,17508,"PPLElectricUtilities"
"1429",1430,17509,"PPLElectricUtilities"
"1430",1431,17512,"PPLElectricUtilities"
"1431",1432,17516,"PPLElectricUtilities"
"1432",1433,17517,"Met-Ed"
"1433",1434,17517,"PPLElectricUtilities"
"1434",1435,17518,"PECO"
"1435",1436,17518,"PPLElectricUtilities"
"1436",1437,17519,"PPLElectricUtilities"
"1437",1438,17520,"PPLElectricUtilities"
"1438",1439,17521,"PPLElectricUtilities"
"1439",1440,17522,"PPLElectricUtilities"
"1440",1441,17527,"PECO"
"1441",1442,17527,"PPLElectricUtilities"
"1442",1443,17528,"PPLElectricUtilities"
"1443",1444,17529,"PPLElectricUtilities"
"1444",1445,17532,"PPLElectricUtilities"
"1445",1446,17533,"PPLElectricUtilities"
"1446",1447,17534,"PPLElectricUtilities"
"1447",1448,17535,"PPLElectricUtilities"
"1448",1449,17536,"PPLElectricUtilities"
"1449",1450,17537,"PPLElectricUtilities"
"1450",1451,17538,"PPLElectricUtilities"
"1451",1452,17540,"PECO"
"1452",1453,17540,"PPLElectricUtilities"
"1453",1454,17543,"PPLElectricUtilities"
"1454",1455,17545,"Met-Ed"
"1455",1456,17545,"PPLElectricUtilities"
"1456",1457,17547,"Met-Ed"
"1457",1458,17547,"PPLElectricUtilities"
"1458",1459,17549,"PPLElectricUtilities"
"1459",1460,17550,"PPLElectricUtilities"
"1460",1461,17551,"PPLElectricUtilities"
"1461",1462,17552,"PPLElectricUtilities"
"1462",1463,17554,"PPLElectricUtilities"
"1463",1464,17555,"Met-Ed"
"1464",1465,17555,"PPLElectricUtilities"
"1465",1466,17557,"PPLElectricUtilities"
"1466",1467,17560,"PECO"
"1467",1468,17560,"PPLElectricUtilities"
"1468",1469,17562,"PPLElectricUtilities"
"1469",1470,17563,"PECO"
"1470",1471,17563,"PPLElectricUtilities"
"1471",1472,17564,"PPLElectricUtilities"
"1472",1473,17565,"PPLElectricUtilities"
"1473",1474,17566,"PPLElectricUtilities"
"1474",1475,17567,"PPLElectricUtilities"
"1475",1476,17568,"PPLElectricUtilities"
"1476",1477,17569,"Met-Ed"
"1477",1478,17569,"PPLElectricUtilities"
"1478",1479,17570,"PPLElectricUtilities"
"1479",1480,17572,"PPLElectricUtilities"
"1480",1481,17573,"PPLElectricUtilities"
"1481",1482,17575,"PPLElectricUtilities"
"1482",1483,17576,"PPLElectricUtilities"
"1483",1484,17577,"PPLElectricUtilities"
"1484",1485,17578,"PPLElectricUtilities"
"1485",1486,17579,"PPLElectricUtilities"
"1486",1487,17580,"PPLElectricUtilities"
"1487",1488,17581,"PPLElectricUtilities"
"1488",1489,17582,"PPLElectricUtilities"
"1489",1490,17583,"PPLElectricUtilities"
"1490",1491,17584,"PPLElectricUtilities"
"1491",1492,17585,"PPLElectricUtilities"
"1492",1493,17601,"PPLElectricUtilities"
"1493",1494,17602,"PPLElectricUtilities"
"1494",1495,17603,"PPLElectricUtilities"
"1495",1496,17604,"PPLElectricUtilities"
"1496",1497,17605,"PPLElectricUtilities"
"1497",1498,17606,"PPLElectricUtilities"
"1498",1499,17607,NA
"1499",1500,17608,"PPLElectricUtilities"
"1500",1501,17699,NA
"1501",1502,17701,"PPLElectricUtilities"
"1502",1503,17702,"PPLElectricUtilities"
"1503",1504,17703,"PPLElectricUtilities"
"1504",1505,17705,NA
"1505",1506,17720,"PPLElectricUtilities"
"1506",1507,17721,"PPLElectricUtilities"
"1507",1508,17722,"Penelec"
"1508",1509,17723,NA
"1509",1510,17724,"Penelec"
"1510",1511,17726,"PPLElectricUtilities"
"1511",1512,17727,NA
"1512",1513,17728,"Penelec"
"1513",1514,17728,"PPLElectricUtilities"
"1514",1515,17729,NA
"1515",1516,17730,"PPLElectricUtilities"
"1516",1517,17731,"Penelec"
"1517",1518,17735,"Penelec"
"1518",1519,17737,"PPLElectricUtilities"
"1519",1520,17738,"PPLElectricUtilities"
"1520",1521,17739,"PPLElectricUtilities"
"1521",1522,17740,"WestPennPower"
"1522",1523,17740,"PPLElectricUtilities"
"1523",1524,17742,"PPLElectricUtilities"
"1524",1525,17743,"Penelec"
"1525",1526,17744,"PPLElectricUtilities"
"1526",1527,17745,"WestPennPower"
"1527",1528,17745,"PPLElectricUtilities"
"1528",1529,17747,"WestPennPower"
"1529",1530,17747,"PPLElectricUtilities"
"1530",1531,17748,"PPLElectricUtilities"
"1531",1532,17749,"PPLElectricUtilities"
"1532",1533,17750,"WestPennPower"
"1533",1534,17751,"WestPennPower"
"1534",1535,17751,"PPLElectricUtilities"
"1535",1536,17752,"PPLElectricUtilities"
"1536",1537,17754,"PPLElectricUtilities"
"1537",1538,17756,"PPLElectricUtilities"
"1538",1539,17758,"Penelec"
"1539",1540,17758,"PPLElectricUtilities"
"1540",1541,17759,"PPLElectricUtilities"
"1541",1542,17760,"PPLElectricUtilities"
"1542",1543,17762,"PPLElectricUtilities"
"1543",1544,17763,"Penelec"
"1544",1545,17764,"PPLElectricUtilities"
"1545",1546,17765,"Penelec"
"1546",1547,17767,"WestPennPower"
"1547",1548,17768,NA
"1548",1549,17769,NA
"1549",1550,17771,"Penelec"
"1550",1551,17772,"PPLElectricUtilities"
"1551",1552,17773,"PPLElectricUtilities"
"1552",1553,17774,"PPLElectricUtilities"
"1553",1554,17776,"WestPennPower"
"1554",1555,17776,"PPLElectricUtilities"
"1555",1556,17777,"PPLElectricUtilities"
"1556",1557,17778,"WestPennPower"
"1557",1558,17778,"PPLElectricUtilities"
"1558",1559,17779,"PPLElectricUtilities"
"1559",1560,17801,"PPLElectricUtilities"
"1560",1561,17810,"PPLElectricUtilities"
"1561",1562,17812,"PPLElectricUtilities"
"1562",1563,17813,"PPLElectricUtilities"
"1563",1564,17814,"Penelec"
"1564",1565,17814,"PPLElectricUtilities"
"1565",1566,17814,"UGI"
"1566",1567,17815,"PPLElectricUtilities"
"1567",1568,17820,"PPLElectricUtilities"
"1568",1569,17821,"PPLElectricUtilities"
"1569",1570,17822,"PPLElectricUtilities"
"1570",1571,17823,"PPLElectricUtilities"
"1571",1572,17824,"PPLElectricUtilities"
"1572",1573,17825,"PPLElectricUtilities"
"1573",1574,17827,"PPLElectricUtilities"
"1574",1575,17828,"PPLElectricUtilities"
"1575",1576,17829,"PPLElectricUtilities"
"1576",1577,17830,"PPLElectricUtilities"
"1577",1578,17831,"PPLElectricUtilities"
"1578",1579,17832,"PPLElectricUtilities"
"1579",1580,17833,"PPLElectricUtilities"
"1580",1581,17834,"PPLElectricUtilities"
"1581",1582,17835,"PPLElectricUtilities"
"1582",1583,17836,"PPLElectricUtilities"
"1583",1584,17837,"PPLElectricUtilities"
"1584",1585,17837,"CitizensElectric"
"1585",1586,17839,"PPLElectricUtilities"
"1586",1587,17840,"PPLElectricUtilities"
"1587",1588,17841,"Penelec"
"1588",1589,17841,"PPLElectricUtilities"
"1589",1590,17842,"PPLElectricUtilities"
"1590",1591,17843,NA
"1591",1592,17844,"PPLElectricUtilities"
"1592",1593,17844,"CitizensElectric"
"1593",1594,17845,"PPLElectricUtilities"
"1594",1595,17846,"PPLElectricUtilities"
"1595",1596,17847,"PPLElectricUtilities"
"1596",1597,17847,"CitizensElectric"
"1597",1598,17850,"PPLElectricUtilities"
"1598",1599,17851,"PPLElectricUtilities"
"1599",1600,17853,"PPLElectricUtilities"
"1600",1601,17855,"PPLElectricUtilities"
"1601",1602,17856,"PPLElectricUtilities"
"1602",1603,17857,"PPLElectricUtilities"
"1603",1604,17858,"PPLElectricUtilities"
"1604",1605,17859,"PPLElectricUtilities"
"1605",1606,17860,"PPLElectricUtilities"
"1606",1607,17861,"PPLElectricUtilities"
"1607",1608,17862,"PPLElectricUtilities"
"1608",1609,17864,"PPLElectricUtilities"
"1609",1610,17865,"PPLElectricUtilities"
"1610",1611,17866,"PPLElectricUtilities"
"1611",1612,17867,"PPLElectricUtilities"
"1612",1613,17868,"PPLElectricUtilities"
"1613",1614,17870,"PECO"
"1614",1615,17870,"PPLElectricUtilities"
"1615",1616,17872,"PPLElectricUtilities"
"1616",1617,17876,"PPLElectricUtilities"
"1617",1618,17877,"PPLElectricUtilities"
"1618",1619,17878,"PPLElectricUtilities"
"1619",1620,17878,"UGI"
"1620",1621,17880,"PPLElectricUtilities"
"1621",1622,17881,"PPLElectricUtilities"
"1622",1623,17882,"PPLElectricUtilities"
"1623",1624,17883,"CitizensElectric"
"1624",1625,17884,"PPLElectricUtilities"
"1625",1626,17885,"PPLElectricUtilities"
"1626",1627,17886,"PPLElectricUtilities"
"1627",1628,17887,"PPLElectricUtilities"
"1628",1629,17888,"PPLElectricUtilities"
"1629",1630,17889,"PPLElectricUtilities"
"1630",1631,17889,"CitizensElectric"
"1631",1632,17901,"PECO"
"1632",1633,17901,"PPLElectricUtilities"
"1633",1634,17920,"PPLElectricUtilities"
"1634",1635,17921,"PPLElectricUtilities"
"1635",1636,17922,"PPLElectricUtilities"
"1636",1637,17923,"PPLElectricUtilities"
"1637",1638,17925,"PPLElectricUtilities"
"1638",1639,17927,"PPLElectricUtilities"
"1639",1640,17929,"PPLElectricUtilities"
"1640",1641,17930,"PPLElectricUtilities"
"1641",1642,17931,"PPLElectricUtilities"
"1642",1643,17932,NA
"1643",1644,17933,"PPLElectricUtilities"
"1644",1645,17934,"PPLElectricUtilities"
"1645",1646,17935,"PPLElectricUtilities"
"1646",1647,17936,"PPLElectricUtilities"
"1647",1648,17938,"PPLElectricUtilities"
"1648",1649,17941,"PPLElectricUtilities"
"1649",1650,17942,"PPLElectricUtilities"
"1650",1651,17943,"PPLElectricUtilities"
"1651",1652,17944,"PPLElectricUtilities"
"1652",1653,17945,"PPLElectricUtilities"
"1653",1654,17946,"PPLElectricUtilities"
"1654",1655,17948,"PPLElectricUtilities"
"1655",1656,17949,"PPLElectricUtilities"
"1656",1657,17951,"PPLElectricUtilities"
"1657",1658,17952,"PPLElectricUtilities"
"1658",1659,17953,"PPLElectricUtilities"
"1659",1660,17954,"PPLElectricUtilities"
"1660",1661,17957,"PPLElectricUtilities"
"1661",1662,17959,"PPLElectricUtilities"
"1662",1663,17960,"PPLElectricUtilities"
"1663",1664,17961,"PPLElectricUtilities"
"1664",1665,17963,"Met-Ed"
"1665",1666,17963,"PPLElectricUtilities"
"1666",1667,17964,"PPLElectricUtilities"
"1667",1668,17965,"PPLElectricUtilities"
"1668",1669,17966,"PPLElectricUtilities"
"1669",1670,17967,"PPLElectricUtilities"
"1670",1671,17968,"PPLElectricUtilities"
"1671",1672,17970,"PPLElectricUtilities"
"1672",1673,17972,"PPLElectricUtilities"
"1673",1674,17974,"PPLElectricUtilities"
"1674",1675,17976,"PPLElectricUtilities"
"1675",1676,17978,"PPLElectricUtilities"
"1676",1677,17979,"PPLElectricUtilities"
"1677",1678,17980,"PPLElectricUtilities"
"1678",1679,17981,"PPLElectricUtilities"
"1679",1680,17982,"PPLElectricUtilities"
"1680",1681,17983,"PPLElectricUtilities"
"1681",1682,17985,"PPLElectricUtilities"
"1682",1683,18001,NA
"1683",1684,18002,"PPLElectricUtilities"
"1684",1685,18003,NA
"1685",1686,18010,"Met-Ed"
"1686",1687,18011,"Met-Ed"
"1687",1688,18011,"PPLElectricUtilities"
"1688",1689,18012,"PPLElectricUtilities"
"1689",1690,18013,"Met-Ed"
"1690",1691,18013,"PPLElectricUtilities"
"1691",1692,18014,"Met-Ed"
"1692",1693,18014,"PPLElectricUtilities"
"1693",1694,18015,"PPLElectricUtilities"
"1694",1695,18016,"PPLElectricUtilities"
"1695",1696,18017,"Met-Ed"
"1696",1697,18017,"PECO"
"1697",1698,18017,"PPLElectricUtilities"
"1698",1699,18018,"Met-Ed"
"1699",1700,18018,"PPLElectricUtilities"
"1700",1701,18020,"Met-Ed"
"1701",1702,18020,"PPLElectricUtilities"
"1702",1703,18025,NA
"1703",1704,18030,"PPLElectricUtilities"
"1704",1705,18031,"Met-Ed"
"1705",1706,18031,"PPLElectricUtilities"
"1706",1707,18032,"PPLElectricUtilities"
"1707",1708,18034,"PPLElectricUtilities"
"1708",1709,18035,"PPLElectricUtilities"
"1709",1710,18036,"PPLElectricUtilities"
"1710",1711,18037,"PPLElectricUtilities"
"1711",1712,18038,"Met-Ed"
"1712",1713,18038,"PPLElectricUtilities"
"1713",1714,18039,"Met-Ed"
"1714",1715,18039,"PPLElectricUtilities"
"1715",1716,18040,"Met-Ed"
"1716",1717,18040,"PPLElectricUtilities"
"1717",1718,18041,NA
"1718",1719,18042,"Met-Ed"
"1719",1720,18042,"PPLElectricUtilities"
"1720",1721,18043,"PPLElectricUtilities"
"1721",1722,18044,"PPLElectricUtilities"
"1722",1723,18045,"Met-Ed"
"1723",1724,18045,"PPLElectricUtilities"
"1724",1725,18046,"PECO"
"1725",1726,18046,"PPLElectricUtilities"
"1726",1727,18049,"PPLElectricUtilities"
"1727",1728,18050,"Met-Ed"
"1728",1729,18050,"PPLElectricUtilities"
"1729",1730,18051,"Met-Ed"
"1730",1731,18051,"PPLElectricUtilities"
"1731",1732,18052,"PPLElectricUtilities"
"1732",1733,18053,"Met-Ed"
"1733",1734,18053,"PPLElectricUtilities"
"1734",1735,18054,NA
"1735",1736,18055,"PPLElectricUtilities"
"1736",1737,18056,"Met-Ed"
"1737",1738,18058,"Met-Ed"
"1738",1739,18058,"PPLElectricUtilities"
"1739",1740,18059,"PPLElectricUtilities"
"1740",1741,18060,"PPLElectricUtilities"
"1741",1742,18062,"Met-Ed"
"1742",1743,18062,"PPLElectricUtilities"
"1743",1744,18063,"PPLElectricUtilities"
"1744",1745,18064,"Met-Ed"
"1745",1746,18064,"PPLElectricUtilities"
"1746",1747,18065,"PPLElectricUtilities"
"1747",1748,18066,"Met-Ed"
"1748",1749,18066,"PPLElectricUtilities"
"1749",1750,18067,"Met-Ed"
"1750",1751,18067,"PPLElectricUtilities"
"1751",1752,18068,"PPLElectricUtilities"
"1752",1753,18069,"Met-Ed"
"1753",1754,18069,"PPLElectricUtilities"
"1754",1755,18070,"Met-Ed"
"1755",1756,18070,"PPLElectricUtilities"
"1756",1757,18071,"PPLElectricUtilities"
"1757",1758,18072,"Met-Ed"
"1758",1759,18072,"PPLElectricUtilities"
"1759",1760,18073,"Met-Ed"
"1760",1761,18073,"PECO"
"1761",1762,18073,"PPLElectricUtilities"
"1762",1763,18074,"Met-Ed"
"1763",1764,18074,"PECO"
"1764",1765,18076,"PECO"
"1765",1766,18076,"PPLElectricUtilities"
"1766",1767,18077,"Met-Ed"
"1767",1768,18077,"PPLElectricUtilities"
"1768",1769,18078,"PPLElectricUtilities"
"1769",1770,18079,"PPLElectricUtilities"
"1770",1771,18080,"PPLElectricUtilities"
"1771",1772,18081,"PPLElectricUtilities"
"1772",1773,18083,"Met-Ed"
"1773",1774,18083,"PPLElectricUtilities"
"1774",1775,18084,"PECO"
"1775",1776,18085,"Met-Ed"
"1776",1777,18085,"PPLElectricUtilities"
"1777",1778,18086,"PPLElectricUtilities"
"1778",1779,18087,"PPLElectricUtilities"
"1779",1780,18088,"Met-Ed"
"1780",1781,18088,"PPLElectricUtilities"
"1781",1782,18091,"Met-Ed"
"1782",1783,18092,"Met-Ed"
"1783",1784,18092,"PPLElectricUtilities"
"1784",1785,18098,"PPLElectricUtilities"
"1785",1786,18099,NA
"1786",1787,18101,"PPLElectricUtilities"
"1787",1788,18102,"PPLElectricUtilities"
"1788",1789,18103,"PPLElectricUtilities"
"1789",1790,18104,"PPLElectricUtilities"
"1790",1791,18105,"PPLElectricUtilities"
"1791",1792,18106,"PPLElectricUtilities"
"1792",1793,18109,"PPLElectricUtilities"
"1793",1794,18175,NA
"1794",1795,18195,"PPLElectricUtilities"
"1795",1796,18201,"PPLElectricUtilities"
"1796",1797,18202,"PPLElectricUtilities"
"1797",1798,18210,"PPLElectricUtilities"
"1798",1799,18211,"PPLElectricUtilities"
"1799",1800,18212,"PPLElectricUtilities"
"1800",1801,18214,"PPLElectricUtilities"
"1801",1802,18216,"PPLElectricUtilities"
"1802",1803,18218,"PPLElectricUtilities"
"1803",1804,18219,"PPLElectricUtilities"
"1804",1805,18220,"PPLElectricUtilities"
"1805",1806,18221,"PPLElectricUtilities"
"1806",1807,18222,"PPLElectricUtilities"
"1807",1808,18223,"PPLElectricUtilities"
"1808",1809,18224,"PPLElectricUtilities"
"1809",1810,18225,"PPLElectricUtilities"
"1810",1811,18229,"PPLElectricUtilities"
"1811",1812,18230,"PPLElectricUtilities"
"1812",1813,18231,"PPLElectricUtilities"
"1813",1814,18232,"PPLElectricUtilities"
"1814",1815,18234,"PPLElectricUtilities"
"1815",1816,18235,"PPLElectricUtilities"
"1816",1817,18237,"PPLElectricUtilities"
"1817",1818,18239,"PPLElectricUtilities"
"1818",1819,18240,"PPLElectricUtilities"
"1819",1820,18241,"PPLElectricUtilities"
"1820",1821,18242,"PPLElectricUtilities"
"1821",1822,18243,"PPLElectricUtilities"
"1822",1823,18244,"PPLElectricUtilities"
"1823",1824,18245,"PPLElectricUtilities"
"1824",1825,18246,"PPLElectricUtilities"
"1825",1826,18247,"PPLElectricUtilities"
"1826",1827,18248,"PPLElectricUtilities"
"1827",1828,18249,"PPLElectricUtilities"
"1828",1829,18250,"PPLElectricUtilities"
"1829",1830,18251,"PPLElectricUtilities"
"1830",1831,18252,"PPLElectricUtilities"
"1831",1832,18254,"PPLElectricUtilities"
"1832",1833,18255,"PPLElectricUtilities"
"1833",1834,18256,"PPLElectricUtilities"
"1834",1835,18301,"Met-Ed"
"1835",1836,18301,"PPLElectricUtilities"
"1836",1837,18320,"PPLElectricUtilities"
"1837",1838,18321,"Met-Ed"
"1838",1839,18321,"PPLElectricUtilities"
"1839",1840,18322,"PPLElectricUtilities"
"1840",1841,18323,"PPLElectricUtilities"
"1841",1842,18324,"Met-Ed"
"1842",1843,18325,"PPLElectricUtilities"
"1843",1844,18326,"PPLElectricUtilities"
"1844",1845,18327,"Met-Ed"
"1845",1846,18328,"Met-Ed"
"1846",1847,18328,"PikeLight&Power"
"1847",1848,18328,"PPLElectricUtilities"
"1848",1849,18330,"PPLElectricUtilities"
"1849",1850,18331,"PPLElectricUtilities"
"1850",1851,18332,"PPLElectricUtilities"
"1851",1852,18333,"PPLElectricUtilities"
"1852",1853,18334,"PPLElectricUtilities"
"1853",1854,18335,"Met-Ed"
"1854",1855,18335,"PPLElectricUtilities"
"1855",1856,18336,"PikeLight&Power"
"1856",1857,18337,"Met-Ed"
"1857",1858,18337,"PikeLight&Power"
"1858",1859,18337,"PPLElectricUtilities"
"1859",1860,18340,"PikeLight&Power"
"1860",1861,18340,"PPLElectricUtilities"
"1861",1862,18341,"Met-Ed"
"1862",1863,18342,"PPLElectricUtilities"
"1863",1864,18343,"Met-Ed"
"1864",1865,18343,"PPLElectricUtilities"
"1865",1866,18344,"PPLElectricUtilities"
"1866",1867,18346,"PPLElectricUtilities"
"1867",1868,18347,"PPLElectricUtilities"
"1868",1869,18348,"PPLElectricUtilities"
"1869",1870,18349,"PPLElectricUtilities"
"1870",1871,18350,"PPLElectricUtilities"
"1871",1872,18351,"Met-Ed"
"1872",1873,18352,"PPLElectricUtilities"
"1873",1874,18353,"Met-Ed"
"1874",1875,18353,"PPLElectricUtilities"
"1875",1876,18354,"Met-Ed"
"1876",1877,18354,"PPLElectricUtilities"
"1877",1878,18355,"PPLElectricUtilities"
"1878",1879,18356,"Met-Ed"
"1879",1880,18357,"PPLElectricUtilities"
"1880",1881,18360,"Met-Ed"
"1881",1882,18360,"PPLElectricUtilities"
"1882",1883,18370,"PPLElectricUtilities"
"1883",1884,18371,"Met-Ed"
"1884",1885,18372,"PPLElectricUtilities"
"1885",1886,18373,"PECO"
"1886",1887,18401,"PPLElectricUtilities"
"1887",1888,18403,"PPLElectricUtilities"
"1888",1889,18405,"PPLElectricUtilities"
"1889",1890,18407,"PPLElectricUtilities"
"1890",1891,18410,"PPLElectricUtilities"
"1891",1892,18411,"PPLElectricUtilities"
"1892",1893,18413,"PPLElectricUtilities"
"1893",1894,18414,"Penelec"
"1894",1895,18414,"PPLElectricUtilities"
"1895",1896,18415,"Penelec"
"1896",1897,18415,"PPLElectricUtilities"
"1897",1898,18416,"PPLElectricUtilities"
"1898",1899,18417,"Penelec"
"1899",1900,18417,"PPLElectricUtilities"
"1900",1901,18419,"Penelec"
"1901",1902,18419,"PPLElectricUtilities"
"1902",1903,18420,"PPLElectricUtilities"
"1903",1904,18421,"PPLElectricUtilities"
"1904",1905,18424,"PPLElectricUtilities"
"1905",1906,18425,"PPLElectricUtilities"
"1906",1907,18426,"PPLElectricUtilities"
"1907",1908,18427,"PPLElectricUtilities"
"1908",1909,18428,"PPLElectricUtilities"
"1909",1910,18430,"PPLElectricUtilities"
"1910",1911,18431,"PPLElectricUtilities"
"1911",1912,18433,"PPLElectricUtilities"
"1912",1913,18434,"PPLElectricUtilities"
"1913",1914,18435,"PPLElectricUtilities"
"1914",1915,18436,"PPLElectricUtilities"
"1915",1916,18437,"Penelec"
"1916",1917,18437,"PPLElectricUtilities"
"1917",1918,18438,"PPLElectricUtilities"
"1918",1919,18439,"Penelec"
"1919",1920,18439,"PPLElectricUtilities"
"1920",1921,18440,"PPLElectricUtilities"
"1921",1922,18441,"Penelec"
"1922",1923,18441,"PPLElectricUtilities"
"1923",1924,18443,"PPLElectricUtilities"
"1924",1925,18444,"PPLElectricUtilities"
"1925",1926,18445,"PPLElectricUtilities"
"1926",1927,18446,"Penelec"
"1927",1928,18446,"PPLElectricUtilities"
"1928",1929,18447,"PPLElectricUtilities"
"1929",1930,18448,NA
"1930",1931,18449,"Penelec"
"1931",1932,18451,"PPLElectricUtilities"
"1932",1933,18452,"PPLElectricUtilities"
"1933",1934,18453,"Penelec"
"1934",1935,18453,"PPLElectricUtilities"
"1935",1936,18454,"Penelec"
"1936",1937,18454,"PPLElectricUtilities"
"1937",1938,18455,"Penelec"
"1938",1939,18455,"PPLElectricUtilities"
"1939",1940,18456,"PPLElectricUtilities"
"1940",1941,18457,"PPLElectricUtilities"
"1941",1942,18458,"Met-Ed"
"1942",1943,18458,"PPLElectricUtilities"
"1943",1944,18459,"PPLElectricUtilities"
"1944",1945,18460,"PPLElectricUtilities"
"1945",1946,18461,"Penelec"
"1946",1947,18462,"Penelec"
"1947",1948,18462,"PPLElectricUtilities"
"1948",1949,18463,"PPLElectricUtilities"
"1949",1950,18464,"PPLElectricUtilities"
"1950",1951,18465,"Penelec"
"1951",1952,18465,"PPLElectricUtilities"
"1952",1953,18466,"PPLElectricUtilities"
"1953",1954,18469,"PPLElectricUtilities"
"1954",1955,18470,"Penelec"
"1955",1956,18470,"PPLElectricUtilities"
"1956",1957,18471,"PPLElectricUtilities"
"1957",1958,18472,"PPLElectricUtilities"
"1958",1959,18473,"PPLElectricUtilities"
"1959",1960,18501,"PPLElectricUtilities"
"1960",1961,18502,"PPLElectricUtilities"
"1961",1962,18503,"PPLElectricUtilities"
"1962",1963,18504,"PPLElectricUtilities"
"1963",1964,18505,"PPLElectricUtilities"
"1964",1965,18507,"PPLElectricUtilities"
"1965",1966,18508,"PPLElectricUtilities"
"1966",1967,18509,"PPLElectricUtilities"
"1967",1968,18510,"PPLElectricUtilities"
"1968",1969,18512,"PPLElectricUtilities"
"1969",1970,18514,NA
"1970",1971,18515,NA
"1971",1972,18517,"PPLElectricUtilities"
"1972",1973,18518,"PPLElectricUtilities"
"1973",1974,18519,"PPLElectricUtilities"
"1974",1975,18522,NA
"1975",1976,18540,NA
"1976",1977,18577,NA
"1977",1978,18601,"PPLElectricUtilities"
"1978",1979,18602,"PPLElectricUtilities"
"1979",1980,18603,"PPLElectricUtilities"
"1980",1981,18610,"PPLElectricUtilities"
"1981",1982,18611,"UGI"
"1982",1983,18612,"Penelec"
"1983",1984,18612,"PPLElectricUtilities"
"1984",1985,18612,"UGI"
"1985",1986,18614,"Penelec"
"1986",1987,18615,"Penelec"
"1987",1988,18615,"PPLElectricUtilities"
"1988",1989,18616,NA
"1989",1990,18617,"UGI"
"1990",1991,18618,"UGI"
"1991",1992,18619,NA
"1992",1993,18621,"UGI"
"1993",1994,18622,"UGI"
"1994",1995,18623,"Penelec"
"1995",1996,18624,"PPLElectricUtilities"
"1996",1997,18625,"Penelec"
"1997",1998,18625,"PPLElectricUtilities"
"1998",1999,18626,"Penelec"
"1999",2000,18626,"PPLElectricUtilities"
"2000",2001,18627,"UGI"
"2001",2002,18628,"Penelec"
"2002",2003,18629,"Penelec"
"2003",2004,18630,"Penelec"
"2004",2005,18631,"PPLElectricUtilities"
"2005",2006,18632,"Penelec"
"2006",2007,18634,"UGI"
"2007",2008,18635,"PPLElectricUtilities"
"2008",2009,18635,"UGI"
"2009",2010,18636,"UGI"
"2010",2011,18640,"PPLElectricUtilities"
"2011",2012,18640,"UGI"
"2012",2013,18641,"PPLElectricUtilities"
"2013",2014,18642,"PPLElectricUtilities"
"2014",2015,18643,"PPLElectricUtilities"
"2015",2016,18643,"UGI"
"2016",2017,18644,"PPLElectricUtilities"
"2017",2018,18644,"UGI"
"2018",2019,18651,"PECO"
"2019",2020,18651,"UGI"
"2020",2021,18653,"PPLElectricUtilities"
"2021",2022,18654,"UGI"
"2022",2023,18655,"PPLElectricUtilities"
"2023",2024,18655,"UGI"
"2024",2025,18656,"UGI"
"2025",2026,18657,"Penelec"
"2026",2027,18657,"PPLElectricUtilities"
"2027",2028,18657,"UGI"
"2028",2029,18660,"PPLElectricUtilities"
"2029",2030,18660,"UGI"
"2030",2031,18661,"PPLElectricUtilities"
"2031",2032,18690,NA
"2032",2033,18701,"PPLElectricUtilities"
"2033",2034,18701,"UGI"
"2034",2035,18702,"PPLElectricUtilities"
"2035",2036,18702,"UGI"
"2036",2037,18703,"PPLElectricUtilities"
"2037",2038,18704,"PPLElectricUtilities"
"2038",2039,18704,"UGI"
"2039",2040,18705,"PPLElectricUtilities"
"2040",2041,18705,"UGI"
"2041",2042,18706,"PPLElectricUtilities"
"2042",2043,18706,"UGI"
"2043",2044,18707,"PPLElectricUtilities"
"2044",2045,18708,"PPLElectricUtilities"
"2045",2046,18708,"UGI"
"2046",2047,18709,"PPLElectricUtilities"
"2047",2048,18709,"UGI"
"2048",2049,18710,"PPLElectricUtilities"
"2049",2050,18711,"PPLElectricUtilities"
"2050",2051,18761,NA
"2051",2052,18762,"UGI"
"2052",2053,18763,NA
"2053",2054,18764,NA
"2054",2055,18765,NA
"2055",2056,18766,"PPLElectricUtilities"
"2056",2057,18767,NA
"2057",2058,18768,NA
"2058",2059,18769,NA
"2059",2060,18773,"UGI"
"2060",2061,18774,NA
"2061",2062,18801,"Penelec"
"2062",2063,18810,"Penelec"
"2063",2064,18812,"Penelec"
"2064",2065,18813,"Penelec"
"2065",2066,18814,"Penelec"
"2066",2067,18815,"Penelec"
"2067",2068,18816,"Penelec"
"2068",2069,18817,"Penelec"
"2069",2070,18818,"Penelec"
"2070",2071,18820,"Penelec"
"2071",2072,18821,"Penelec"
"2072",2073,18822,"Penelec"
"2073",2074,18823,"Penelec"
"2074",2075,18824,"Penelec"
"2075",2076,18825,"Penelec"
"2076",2077,18826,"Penelec"
"2077",2078,18827,"Penelec"
"2078",2079,18828,"Penelec"
"2079",2080,18829,"Penelec"
"2080",2081,18830,"PECO"
"2081",2082,18830,"Penelec"
"2082",2083,18831,"Penelec"
"2083",2084,18832,"Penelec"
"2084",2085,18833,"Penelec"
"2085",2086,18834,"Penelec"
"2086",2087,18834,"PPLElectricUtilities"
"2087",2088,18837,"Penelec"
"2088",2089,18839,"Penelec"
"2089",2090,18840,"Penelec"
"2090",2091,18842,"Penelec"
"2091",2092,18843,"Penelec"
"2092",2093,18844,"Penelec"
"2093",2094,18845,"Penelec"
"2094",2095,18846,"Penelec"
"2095",2096,18847,"Penelec"
"2096",2097,18848,"Penelec"
"2097",2098,18848,"PPLElectricUtilities"
"2098",2099,18850,"Penelec"
"2099",2100,18851,"Penelec"
"2100",2101,18853,"Penelec"
"2101",2102,18854,"Penelec"
"2102",2103,18901,"PECO"
"2103",2104,18910,"PECO"
"2104",2105,18911,"PPLElectricUtilities"
"2105",2106,18912,"PECO"
"2106",2107,18913,"PECO"
"2107",2108,18914,"PECO"
"2108",2109,18914,"PPLElectricUtilities"
"2109",2110,18915,"PECO"
"2110",2111,18916,"PECO"
"2111",2112,18917,"PECO"
"2112",2113,18917,"PPLElectricUtilities"
"2113",2114,18918,"PPLElectricUtilities"
"2114",2115,18920,"Met-Ed"
"2115",2116,18921,"Met-Ed"
"2116",2117,18921,"PECO"
"2117",2118,18922,"PECO"
"2118",2119,18923,"PECO"
"2119",2120,18924,"PECO"
"2120",2121,18924,"PPLElectricUtilities"
"2121",2122,18925,"PECO"
"2122",2123,18926,"PECO"
"2123",2124,18927,"PECO"
"2124",2125,18927,"PPLElectricUtilities"
"2125",2126,18928,"PECO"
"2126",2127,18929,"PECO"
"2127",2128,18929,"PPLElectricUtilities"
"2128",2129,18930,"Met-Ed"
"2129",2130,18930,"PPLElectricUtilities"
"2130",2131,18931,"PECO"
"2131",2132,18931,"PPLElectricUtilities"
"2132",2133,18932,"PECO"
"2133",2134,18932,"PPLElectricUtilities"
"2134",2135,18933,"PECO"
"2135",2136,18934,"PECO"
"2136",2137,18935,"PECO"
"2137",2138,18935,"PPLElectricUtilities"
"2138",2139,18936,"PECO"
"2139",2140,18938,"PECO"
"2140",2141,18940,"PECO"
"2141",2142,18940,"PPLElectricUtilities"
"2142",2143,18942,"Met-Ed"
"2143",2144,18942,"PECO"
"2144",2145,18942,"PPLElectricUtilities"
"2145",2146,18943,"PECO"
"2146",2147,18944,"PECO"
"2147",2148,18944,"PPLElectricUtilities"
"2148",2149,18946,"PECO"
"2149",2150,18947,"Met-Ed"
"2150",2151,18947,"PECO"
"2151",2152,18949,"PECO"
"2152",2153,18950,"Met-Ed"
"2153",2154,18950,"PECO"
"2154",2155,18951,"PPLElectricUtilities"
"2155",2156,18953,"Met-Ed"
"2156",2157,18953,"PPLElectricUtilities"
"2157",2158,18954,"PECO"
"2158",2159,18954,"PPLElectricUtilities"
"2159",2160,18955,"PECO"
"2160",2161,18955,"PPLElectricUtilities"
"2161",2162,18956,"PECO"
"2162",2163,18957,"PECO"
"2163",2164,18957,"PPLElectricUtilities"
"2164",2165,18958,"PECO"
"2165",2166,18960,"PECO"
"2166",2167,18960,"PPLElectricUtilities"
"2167",2168,18962,"PPLElectricUtilities"
"2168",2169,18963,"PECO"
"2169",2170,18964,"PECO"
"2170",2171,18964,"PPLElectricUtilities"
"2171",2172,18966,"PECO"
"2172",2173,18968,"PPLElectricUtilities"
"2173",2174,18969,"PECO"
"2174",2175,18969,"PPLElectricUtilities"
"2175",2176,18970,"PECO"
"2176",2177,18970,"PPLElectricUtilities"
"2177",2178,18971,"PECO"
"2178",2179,18972,"Met-Ed"
"2179",2180,18974,"PECO"
"2180",2181,18976,"PECO"
"2181",2182,18977,"PECO"
"2182",2183,18979,"PECO"
"2183",2184,18980,"PECO"
"2184",2185,18981,"PPLElectricUtilities"
"2185",2186,18991,NA
"2186",2187,19001,"PECO"
"2187",2188,19002,"PECO"
"2188",2189,19003,"PECO"
"2189",2190,19004,"PECO"
"2190",2191,19006,"PECO"
"2191",2192,19007,"PECO"
"2192",2193,19008,"PECO"
"2193",2194,19009,"PECO"
"2194",2195,19010,"PECO"
"2195",2196,19012,"PECO"
"2196",2197,19013,"PECO"
"2197",2198,19014,"PECO"
"2198",2199,19015,"PECO"
"2199",2200,19016,"PECO"
"2200",2201,19017,"PECO"
"2201",2202,19018,"PECO"
"2202",2203,19019,"PECO"
"2203",2204,19020,"PECO"
"2204",2205,19021,"PECO"
"2205",2206,19022,"PECO"
"2206",2207,19023,"PECO"
"2207",2208,19025,"PECO"
"2208",2209,19026,"PECO"
"2209",2210,19027,"PECO"
"2210",2211,19028,"PECO"
"2211",2212,19029,"PECO"
"2212",2213,19030,"PECO"
"2213",2214,19031,"PECO"
"2214",2215,19032,"PECO"
"2215",2216,19033,"PECO"
"2216",2217,19034,"PECO"
"2217",2218,19035,"PECO"
"2218",2219,19036,"PECO"
"2219",2220,19037,"PECO"
"2220",2221,19038,"PECO"
"2221",2222,19039,"PECO"
"2222",2223,19040,"PECO"
"2223",2224,19041,"PECO"
"2224",2225,19043,"PECO"
"2225",2226,19044,"PECO"
"2226",2227,19046,"PECO"
"2227",2228,19047,"PECO"
"2228",2229,19048,NA
"2229",2230,19049,"PECO"
"2230",2231,19050,"PECO"
"2231",2232,19052,"PECO"
"2232",2233,19053,"PECO"
"2233",2234,19054,"PECO"
"2234",2235,19055,"PECO"
"2235",2236,19056,"PECO"
"2236",2237,19057,"PECO"
"2237",2238,19058,"PECO"
"2238",2239,19059,NA
"2239",2240,19061,"PECO"
"2240",2241,19063,"PECO"
"2241",2242,19064,"PECO"
"2242",2243,19065,"PECO"
"2243",2244,19066,"PECO"
"2244",2245,19067,"WestPennPower"
"2245",2246,19067,"PECO"
"2246",2247,19070,"PECO"
"2247",2248,19072,"PECO"
"2248",2249,19073,"PECO"
"2249",2250,19074,"PECO"
"2250",2251,19075,"PECO"
"2251",2252,19076,"PECO"
"2252",2253,19078,"PECO"
"2253",2254,19079,"PECO"
"2254",2255,19080,"PECO"
"2255",2256,19081,"PECO"
"2256",2257,19082,"PECO"
"2257",2258,19083,"PECO"
"2258",2259,19085,"PECO"
"2259",2260,19086,"PECO"
"2260",2261,19087,"PECO"
"2261",2262,19088,"PECO"
"2262",2263,19089,NA
"2263",2264,19090,"PECO"
"2264",2265,19091,"PECO"
"2265",2266,19092,NA
"2266",2267,19093,NA
"2267",2268,19094,"PECO"
"2268",2269,19095,"PECO"
"2269",2270,19096,"PECO"
"2270",2271,19098,NA
"2271",2272,19099,NA
"2272",2273,19101,"PECO"
"2273",2274,19102,"PECO"
"2274",2275,19103,"PECO"
"2275",2276,19104,"PECO"
"2276",2277,19105,NA
"2277",2278,19106,"PECO"
"2278",2279,19107,"PECO"
"2279",2280,19108,"PECO"
"2280",2281,19109,"PECO"
"2281",2282,19110,NA
"2282",2283,19111,"PECO"
"2283",2284,19112,"PECO"
"2284",2285,19113,"PECO"
"2285",2286,19114,"PECO"
"2286",2287,19115,"PECO"
"2287",2288,19116,"PECO"
"2288",2289,19118,"PECO"
"2289",2290,19119,"PECO"
"2290",2291,19120,"PECO"
"2291",2292,19121,"PECO"
"2292",2293,19122,"PECO"
"2293",2294,19123,"PECO"
"2294",2295,19124,"PECO"
"2295",2296,19125,"PECO"
"2296",2297,19126,"PECO"
"2297",2298,19127,"PECO"
"2298",2299,19128,"PECO"
"2299",2300,19129,"PECO"
"2300",2301,19130,"PECO"
"2301",2302,19131,"PECO"
"2302",2303,19132,"PECO"
"2303",2304,19133,"PECO"
"2304",2305,19134,"PECO"
"2305",2306,19135,"PECO"
"2306",2307,19136,"PECO"
"2307",2308,19137,"PECO"
"2308",2309,19138,"PECO"
"2309",2310,19139,"PECO"
"2310",2311,19140,"PECO"
"2311",2312,19141,"PECO"
"2312",2313,19142,"PECO"
"2313",2314,19143,"PECO"
"2314",2315,19144,"PECO"
"2315",2316,19145,"PECO"
"2316",2317,19146,"PECO"
"2317",2318,19147,"PECO"
"2318",2319,19148,"PECO"
"2319",2320,19149,"PECO"
"2320",2321,19150,"PECO"
"2321",2322,19151,"PECO"
"2322",2323,19152,"PECO"
"2323",2324,19153,"PECO"
"2324",2325,19154,"PECO"
"2325",2326,19155,NA
"2326",2327,19160,NA
"2327",2328,19161,NA
"2328",2329,19162,NA
"2329",2330,19170,NA
"2330",2331,19171,NA
"2331",2332,19172,NA
"2332",2333,19173,NA
"2333",2334,19175,NA
"2334",2335,19177,NA
"2335",2336,19178,NA
"2336",2337,19179,NA
"2337",2338,19181,NA
"2338",2339,19182,NA
"2339",2340,19183,NA
"2340",2341,19184,"PECO"
"2341",2342,19185,NA
"2342",2343,19187,NA
"2343",2344,19188,NA
"2344",2345,19191,NA
"2345",2346,19192,NA
"2346",2347,19193,NA
"2347",2348,19194,NA
"2348",2349,19196,NA
"2349",2350,19197,NA
"2350",2351,19244,"PPLElectricUtilities"
"2351",2352,19255,"PECO"
"2352",2353,19301,"PECO"
"2353",2354,19310,"PECO"
"2354",2355,19310,"PPLElectricUtilities"
"2355",2356,19311,"PECO"
"2356",2357,19312,"PECO"
"2357",2358,19316,"PECO"
"2358",2359,19316,"PPLElectricUtilities"
"2359",2360,19317,"PECO"
"2360",2361,19318,"PECO"
"2361",2362,19319,"PECO"
"2362",2363,19320,"PECO"
"2363",2364,19330,"PECO"
"2364",2365,19331,"PECO"
"2365",2366,19333,"PECO"
"2366",2367,19335,"PECO"
"2367",2368,19339,NA
"2368",2369,19340,NA
"2369",2370,19341,"PECO"
"2370",2371,19342,"PECO"
"2371",2372,19343,"Met-Ed"
"2372",2373,19343,"PECO"
"2373",2374,19343,"PPLElectricUtilities"
"2374",2375,19344,"PECO"
"2375",2376,19344,"PPLElectricUtilities"
"2376",2377,19345,"PECO"
"2377",2378,19346,"PECO"
"2378",2379,19347,"PECO"
"2379",2380,19348,"PECO"
"2380",2381,19350,"PECO"
"2381",2382,19351,"PECO"
"2382",2383,19352,"PECO"
"2383",2384,19353,"PECO"
"2384",2385,19354,"PECO"
"2385",2386,19355,"PECO"
"2386",2387,19357,"PECO"
"2387",2388,19358,"PECO"
"2388",2389,19360,"PECO"
"2389",2390,19362,"PECO"
"2390",2391,19362,"PPLElectricUtilities"
"2391",2392,19363,"PECO"
"2392",2393,19363,"PPLElectricUtilities"
"2393",2394,19365,"PECO"
"2394",2395,19365,"PPLElectricUtilities"
"2395",2396,19366,"PECO"
"2396",2397,19367,"PECO"
"2397",2398,19369,"PECO"
"2398",2399,19370,NA
"2399",2400,19371,"PPLElectricUtilities"
"2400",2401,19372,"PECO"
"2401",2402,19373,"PECO"
"2402",2403,19374,"PECO"
"2403",2404,19375,"WestPennPower"
"2404",2405,19375,"PECO"
"2405",2406,19376,"PECO"
"2406",2407,19380,"PECO"
"2407",2408,19381,"PECO"
"2408",2409,19382,"PECO"
"2409",2410,19383,"PECO"
"2410",2411,19390,"PECO"
"2411",2412,19395,"PECO"
"2412",2413,19397,NA
"2413",2414,19398,NA
"2414",2415,19399,"PECO"
"2415",2416,19399,"PPLElectricUtilities"
"2416",2417,19401,"PECO"
"2417",2418,19403,"PECO"
"2418",2419,19404,"PECO"
"2419",2420,19405,"PECO"
"2420",2421,19406,"PECO"
"2421",2422,19407,"PECO"
"2422",2423,19408,"PECO"
"2423",2424,19409,"PECO"
"2424",2425,19415,NA
"2425",2426,19420,"PECO"
"2426",2427,19421,"PECO"
"2427",2428,19422,"PECO"
"2428",2429,19423,"PECO"
"2429",2430,19424,NA
"2430",2431,19425,"PECO"
"2431",2432,19426,"PECO"
"2432",2433,19428,"PECO"
"2433",2434,19429,NA
"2434",2435,19430,"PECO"
"2435",2436,19432,"PECO"
"2436",2437,19435,"Met-Ed"
"2437",2438,19435,"PECO"
"2438",2439,19436,"PECO"
"2439",2440,19437,"PECO"
"2440",2441,19438,"PECO"
"2441",2442,19438,"PPLElectricUtilities"
"2442",2443,19440,"PECO"
"2443",2444,19440,"PPLElectricUtilities"
"2444",2445,19441,NA
"2445",2446,19442,"PECO"
"2446",2447,19443,"PECO"
"2447",2448,19443,"PPLElectricUtilities"
"2448",2449,19444,"PECO"
"2449",2450,19446,"PECO"
"2450",2451,19446,"PPLElectricUtilities"
"2451",2452,19450,"PECO"
"2452",2453,19451,"PECO"
"2453",2454,19452,"PECO"
"2454",2455,19453,"PECO"
"2455",2456,19454,"PECO"
"2456",2457,19455,NA
"2457",2458,19456,"PECO"
"2458",2459,19457,"PECO"
"2459",2460,19460,"PECO"
"2460",2461,19462,"PECO"
"2461",2462,19464,"Met-Ed"
"2462",2463,19464,"PECO"
"2463",2464,19465,"Met-Ed"
"2464",2465,19465,"PECO"
"2465",2466,19468,"PECO"
"2466",2467,19470,"Met-Ed"
"2467",2468,19470,"PECO"
"2468",2469,19472,"Met-Ed"
"2469",2470,19473,"PECO"
"2470",2471,19474,"PECO"
"2471",2472,19475,"PECO"
"2472",2473,19477,"PECO"
"2473",2474,19478,"PECO"
"2474",2475,19480,"PECO"
"2475",2476,19481,"PECO"
"2476",2477,19482,"PECO"
"2477",2478,19483,NA
"2478",2479,19484,"PECO"
"2479",2480,19485,NA
"2480",2481,19486,"PECO"
"2481",2482,19487,NA
"2482",2483,19488,NA
"2483",2484,19489,NA
"2484",2485,19490,"PECO"
"2485",2486,19492,"PECO"
"2486",2487,19493,NA
"2487",2488,19494,NA
"2488",2489,19495,NA
"2489",2490,19496,NA
"2490",2491,19501,"Met-Ed"
"2491",2492,19501,"PPLElectricUtilities"
"2492",2493,19503,"Met-Ed"
"2493",2494,19504,"Met-Ed"
"2494",2495,19504,"PECO"
"2495",2496,19504,"PPLElectricUtilities"
"2496",2497,19505,"Met-Ed"
"2497",2498,19506,"Met-Ed"
"2498",2499,19507,"Met-Ed"
"2499",2500,19508,"Met-Ed"
"2500",2501,19510,"Met-Ed"
"2501",2502,19511,"Met-Ed"
"2502",2503,19512,"Met-Ed"
"2503",2504,19516,"Met-Ed"
"2504",2505,19518,"Met-Ed"
"2505",2506,19519,"Met-Ed"
"2506",2507,19520,"Met-Ed"
"2507",2508,19520,"PECO"
"2508",2509,19520,"PPLElectricUtilities"
"2509",2510,19522,"Met-Ed"
"2510",2511,19523,"Met-Ed"
"2511",2512,19525,"Met-Ed"
"2512",2513,19526,"Met-Ed"
"2513",2514,19526,"PECO"
"2514",2515,19529,"Met-Ed"
"2515",2516,19530,"Met-Ed"
"2516",2517,19533,"Met-Ed"
"2517",2518,19534,"Met-Ed"
"2518",2519,19535,"Met-Ed"
"2519",2520,19536,"Met-Ed"
"2520",2521,19538,"Met-Ed"
"2521",2522,19539,"Met-Ed"
"2522",2523,19539,"PPLElectricUtilities"
"2523",2524,19540,"Met-Ed"
"2524",2525,19540,"PPLElectricUtilities"
"2525",2526,19541,"Met-Ed"
"2526",2527,19542,"Met-Ed"
"2527",2528,19542,"PECO"
"2528",2529,19543,"Met-Ed"
"2529",2530,19543,"PPLElectricUtilities"
"2530",2531,19544,"Met-Ed"
"2531",2532,19545,"Met-Ed"
"2532",2533,19547,"Met-Ed"
"2533",2534,19548,"Met-Ed"
"2534",2535,19549,"Met-Ed"
"2535",2536,19549,"PPLElectricUtilities"
"2536",2537,19550,"Met-Ed"
"2537",2538,19551,"Met-Ed"
"2538",2539,19551,"PPLElectricUtilities"
"2539",2540,19554,"Met-Ed"
"2540",2541,19555,"Met-Ed"
"2541",2542,19557,"Met-Ed"
"2542",2543,19559,"Met-Ed"
"2543",2544,19560,"Met-Ed"
"2544",2545,19562,"Met-Ed"
"2545",2546,19564,"Met-Ed"
"2546",2547,19565,"Met-Ed"
"2547",2548,19565,"PPLElectricUtilities"
"2548",2549,19567,"Met-Ed"
"2549",2550,19567,"PPLElectricUtilities"
"2550",2551,19601,"Met-Ed"
"2551",2552,19601,"PPLElectricUtilities"
"2552",2553,19602,"Met-Ed"
"2553",2554,19603,"Met-Ed"
"2554",2555,19604,"Met-Ed"
"2555",2556,19604,"PPLElectricUtilities"
"2556",2557,19605,"Met-Ed"
"2557",2558,19606,"Met-Ed"
"2558",2559,19606,"PPLElectricUtilities"
"2559",2560,19607,"Met-Ed"
"2560",2561,19607,"PPLElectricUtilities"
"2561",2562,19608,"Met-Ed"
"2562",2563,19608,"PPLElectricUtilities"
"2563",2564,19609,"Met-Ed"
"2564",2565,19609,"PPLElectricUtilities"
"2565",2566,19610,"Met-Ed"
"2566",2567,19610,"PECO"
"2567",2568,19610,"PPLElectricUtilities"
"2568",2569,19611,"Met-Ed"
"2569",2570,19611,"PPLElectricUtilities"
"2570",2571,19612,"Met-Ed"
"2571",2572,19640,NA
